Point_id, Cluster_id
0, 1319
1, 2073
2, 313
3, 1319
4, 1319
5, 6196
6, 313
7, 2851
8, 6261
9, 6261
10, 2851
11, 313
12, 585
13, 827
14, 1319
15, 313
16, 1319
17, 1319
18, 1319
19, 313
20, 827
21, 2838
22, 1319
23, 1319
24, 827
25, 2838
26, 2838
27, 2838
28, 6196
29, 2910
30, 6196
31, 1319
32, 2838
33, 5483
34, 1319
35, 827
36, 2851
37, 2910
38, 2838
39, 1319
40, 2838
41, 6261
42, 1319
43, 1319
44, 6261
45, 827
46, 585
47, 5798
48, 1319
49, 313
50, 2838
51, 2838
52, 2073
53, 585
54, 6261
55, 2838
56, 6261
57, 585
58, 585
59, 827
60, 2073
61, 1319
62, 2073
63, 2910
64, 827
65, 6196
66, 2838
67, 1319
68, 827
69, 585
70, 1319
71, 2910
72, 2838
73, 1319
74, 5798
75, 2073
76, 827
77, 6261
78, 2838
79, 2838
80, 5798
81, 6196
82, 1319
83, 2073
84, 5483
85, 6261
86, 2838
87, 6261
88, 827
89, 827
90, 1319
91, 6261
92, 2910
93, 1319
94, 827
95, 6261
96, 2910
97, 6261
98, 6261
99, 2910
100, 5798
101, 1319
102, 313
103, 2838
104, 827
105, 1319
106, 313
107, 1319
108, 2910
109, 5483
110, 6261
111, 1319
112, 5483
113, 1319
114, 1319
115, 6261
116, 1319
117, 2838
118, 313
119, 2910
120, 2073
121, 5798
122, 6196
123, 1319
124, 1319
125, 313
126, 313
127, 2838
128, 6196
129, 1319
130, 1319
131, 2851
132, 5798
133, 827
134, 313
135, 313
136, 2838
137, 5798
138, 585
139, 6261
140, 6261
141, 6261
142, 1319
143, 2851
144, 6196
145, 1319
146, 2910
147, 585
148, 1319
149, 1319
150, 6196
151, 5483
152, 2073
153, 2073
154, 6261
155, 313
156, 1319
157, 827
158, 6261
159, 2851
160, 313
161, 1319
162, 6196
163, 2073
164, 2838
165, 2838
166, 2851
167, 2838
168, 2910
169, 585
170, 5483
171, 2838
172, 313
173, 2851
174, 6261
175, 2910
176, 585
177, 6196
178, 313
179, 1319
180, 2910
181, 6261
182, 1319
183, 1319
184, 1319
185, 2838
186, 2073
187, 5483
188, 2838
189, 6261
190, 6261
191, 585
192, 1319
193, 1319
194, 2838
195, 1319
196, 6196
197, 313
198, 1319
199, 6261
200, 2910
201, 2851
202, 1319
203, 6196
204, 1319
205, 2910
206, 2910
207, 2838
208, 585
209, 2838
210, 1319
211, 827
212, 2838
213, 1319
214, 827
215, 2073
216, 2073
217, 6261
218, 2851
219, 6196
220, 1319
221, 313
222, 827
223, 2073
224, 313
225, 1319
226, 6196
227, 2910
228, 2851
229, 5798
230, 6196
231, 585
232, 827
233, 2838
234, 313
235, 1319
236, 827
237, 5798
238, 6261
239, 2838
240, 1319
241, 1319
242, 6261
243, 6196
244, 2838
245, 6196
246, 6196
247, 1319
248, 827
249, 2838
250, 2073
251, 1319
252, 313
253, 2851
254, 6261
255, 5798
256, 313
257, 1319
258, 2851
259, 1319
260, 6261
261, 6261
262, 1319
263, 2073
264, 2838
265, 5483
266, 2073
267, 313
268, 5798
269, 2073
270, 585
271, 313
272, 6261
273, 6196
274, 6261
275, 5483
276, 2838
277, 2838
278, 1319
279, 827
280, 2910
281, 6261
282, 6196
283, 2838
284, 6261
285, 1319
286, 2073
287, 313
288, 2073
289, 313
290, 1319
291, 827
292, 1319
293, 1319
294, 6261
295, 5483
296, 1319
297, 2838
298, 2073
299, 1319
300, 5798
301, 6196
302, 2838
303, 5483
304, 2851
305, 5483
306, 5483
307, 2851
308, 1319
309, 5798
310, 1319
311, 1319
312, 313
313, 313
314, 6261
315, 313
316, 2910
317, 1319
318, 1319
319, 313
320, 1319
321, 2838
322, 827
323, 2838
324, 827
325, 5798
326, 5798
327, 2838
328, 2910
329, 6261
330, 2073
331, 6261
332, 2073
333, 6261
334, 313
335, 6261
336, 2073
337, 585
338, 1319
339, 2851
340, 6261
341, 1319
342, 2838
343, 1319
344, 313
345, 6261
346, 2838
347, 313
348, 2838
349, 313
350, 313
351, 1319
352, 6196
353, 1319
354, 2073
355, 313
356, 1319
357, 1319
358, 6261
359, 5798
360, 313
361, 2073
362, 1319
363, 2838
364, 2910
365, 2838
366, 6196
367, 2838
368, 2073
369, 6261
370, 2838
371, 6261
372, 6261
373, 585
374, 2910
375, 2851
376, 827
377, 6196
378, 1319
379, 2073
380, 1319
381, 5483
382, 2073
383, 1319
384, 6261
385, 2910
386, 1319
387, 1319
388, 2838
389, 1319
390, 1319
391, 6196
392, 313
393, 6196
394, 2851
395, 2838
396, 2910
397, 2851
398, 827
399, 1319
400, 1319
401, 1319
402, 1319
403, 313
404, 6261
405, 2073
406, 6261
407, 1319
408, 585
409, 313
410, 313
411, 6196
412, 6196
413, 6261
414, 2910
415, 827
416, 313
417, 6261
418, 2910
419, 5798
420, 2851
421, 313
422, 585
423, 2073
424, 5483
425, 313
426, 1319
427, 2838
428, 2073
429, 585
430, 2838
431, 6196
432, 2073
433, 2838
434, 6196
435, 2838
436, 6261
437, 1319
438, 6261
439, 313
440, 1319
441, 1319
442, 2910
443, 2073
444, 2910
445, 2838
446, 1319
447, 5798
448, 2851
449, 827
450, 1319
451, 2910
452, 2851
453, 2910
454, 1319
455, 313
456, 313
457, 1319
458, 2073
459, 5798
460, 2073
461, 585
462, 2910
463, 2910
464, 6261
465, 2910
466, 6261
467, 2073
468, 1319
469, 6261
470, 6261
471, 585
472, 5798
473, 6261
474, 5798
475, 2073
476, 1319
477, 1319
478, 1319
479, 6261
480, 5798
481, 2073
482, 1319
483, 6261
484, 5483
485, 1319
486, 2910
487, 585
488, 2073
489, 6261
490, 6261
491, 6261
492, 6261
493, 827
494, 313
495, 827
496, 313
497, 1319
498, 313
499, 1319
500, 2910
501, 1319
502, 2838
503, 2838
504, 2838
505, 1319
506, 313
507, 6261
508, 2910
509, 2838
510, 1319
511, 5798
512, 6196
513, 1319
514, 2838
515, 6261
516, 6261
517, 1319
518, 585
519, 2073
520, 313
521, 6196
522, 2838
523, 6196
524, 5798
525, 1319
526, 313
527, 2851
528, 5483
529, 2073
530, 2073
531, 6261
532, 5798
533, 1319
534, 2073
535, 2073
536, 2851
537, 2851
538, 5798
539, 1319
540, 5483
541, 2073
542, 1319
543, 1319
544, 5483
545, 827
546, 2838
547, 313
548, 2073
549, 5798
550, 1319
551, 2073
552, 2851
553, 585
554, 1319
555, 2851
556, 2073
557, 6261
558, 2073
559, 1319
560, 6261
561, 5483
562, 2073
563, 5483
564, 5798
565, 2851
566, 827
567, 827
568, 6196
569, 6261
570, 827
571, 585
572, 5798
573, 5483
574, 2851
575, 2910
576, 2838
577, 313
578, 2910
579, 6261
580, 5798
581, 2910
582, 1319
583, 585
584, 6261
585, 1319
586, 313
587, 2838
588, 2838
589, 2073
590, 1319
591, 5798
592, 2838
593, 2073
594, 5798
595, 6196
596, 2838
597, 585
598, 2838
599, 1319
600, 5483
601, 2910
602, 313
603, 6261
604, 2073
605, 313
606, 585
607, 5483
608, 1319
609, 1319
610, 5483
611, 2838
612, 313
613, 2851
614, 827
615, 5483
616, 313
617, 313
618, 6261
619, 6261
620, 6261
621, 6196
622, 313
623, 2073
624, 6196
625, 2073
626, 313
627, 827
628, 5483
629, 2910
630, 1319
631, 827
632, 313
633, 1319
634, 2073
635, 2838
636, 2838
637, 585
638, 2838
639, 827
640, 313
641, 2838
642, 5798
643, 827
644, 2073
645, 313
646, 1319
647, 6261
648, 2838
649, 313
650, 6196
651, 2910
652, 2838
653, 1319
654, 2910
655, 1319
656, 2073
657, 2073
658, 1319
659, 5798
660, 2838
661, 313
662, 827
663, 2838
664, 6196
665, 585
666, 6196
667, 1319
668, 585
669, 1319
670, 313
671, 313
672, 1319
673, 5798
674, 2838
675, 827
676, 585
677, 2910
678, 1319
679, 827
680, 2838
681, 313
682, 2838
683, 585
684, 6261
685, 5798
686, 2910
687, 1319
688, 585
689, 2851
690, 6261
691, 2851
692, 6261
693, 5483
694, 5798
695, 1319
696, 6261
697, 2910
698, 313
699, 1319
700, 2851
701, 2073
702, 5798
703, 5483
704, 5483
705, 585
706, 2073
707, 5798
708, 585
709, 313
710, 2910
711, 6196
712, 1319
713, 2073
714, 2910
715, 5798
716, 585
717, 313
718, 313
719, 313
720, 2838
721, 827
722, 1319
723, 313
724, 6196
725, 1319
726, 585
727, 6196
728, 2851
729, 313
730, 313
731, 313
732, 2838
733, 2838
734, 827
735, 1319
736, 6196
737, 2073
738, 2838
739, 2838
740, 313
741, 1319
742, 2838
743, 2838
744, 1319
745, 1319
746, 6261
747, 2073
748, 2910
749, 1319
750, 5798
751, 585
752, 6261
753, 5798
754, 827
755, 6196
756, 5798
757, 313
758, 313
759, 6261
760, 585
761, 6196
762, 2910
763, 5798
764, 5798
765, 2910
766, 1319
767, 2910
768, 2910
769, 5798
770, 313
771, 1319
772, 2910
773, 585
774, 2838
775, 1319
776, 2838
777, 313
778, 313
779, 2910
780, 6196
781, 1319
782, 2910
783, 2851
784, 6196
785, 2910
786, 5483
787, 1319
788, 1319
789, 2073
790, 313
791, 5483
792, 6261
793, 2838
794, 2838
795, 6196
796, 1319
797, 2851
798, 6196
799, 2073
800, 2838
801, 313
802, 6261
803, 5483
804, 313
805, 6196
806, 5798
807, 2838
808, 2910
809, 585
810, 6261
811, 1319
812, 313
813, 827
814, 2838
815, 827
816, 5798
817, 6261
818, 2851
819, 6261
820, 1319
821, 1319
822, 1319
823, 6196
824, 827
825, 827
826, 2910
827, 827
828, 313
829, 313
830, 5798
831, 6196
832, 6261
833, 2910
834, 2851
835, 5483
836, 585
837, 2838
838, 5483
839, 313
840, 2910
841, 5483
842, 827
843, 6261
844, 2073
845, 2838
846, 2073
847, 1319
848, 5483
849, 2073
850, 827
851, 2838
852, 1319
853, 2073
854, 2073
855, 5798
856, 2838
857, 1319
858, 1319
859, 2838
860, 6196
861, 2073
862, 313
863, 6261
864, 313
865, 1319
866, 2910
867, 2073
868, 6261
869, 827
870, 2073
871, 2851
872, 2838
873, 1319
874, 6196
875, 2910
876, 313
877, 2851
878, 2838
879, 2838
880, 2838
881, 6196
882, 2073
883, 5798
884, 2851
885, 2838
886, 5798
887, 2073
888, 5798
889, 1319
890, 6196
891, 2851
892, 2838
893, 827
894, 5798
895, 1319
896, 313
897, 1319
898, 1319
899, 1319
900, 1319
901, 1319
902, 5798
903, 2838
904, 827
905, 313
906, 6261
907, 2838
908, 313
909, 313
910, 1319
911, 5798
912, 1319
913, 1319
914, 6261
915, 1319
916, 1319
917, 6196
918, 1319
919, 827
920, 827
921, 2838
922, 6261
923, 585
924, 5798
925, 585
926, 6196
927, 2838
928, 6196
929, 6196
930, 2910
931, 6261
932, 313
933, 2838
934, 585
935, 827
936, 585
937, 5798
938, 2838
939, 1319
940, 5798
941, 1319
942, 6196
943, 1319
944, 1319
945, 1319
946, 6261
947, 1319
948, 2910
949, 5483
950, 827
951, 5798
952, 6261
953, 1319
954, 2851
955, 2851
956, 2851
957, 1319
958, 1319
959, 5798
960, 2838
961, 313
962, 2073
963, 5798
964, 2838
965, 5798
966, 827
967, 827
968, 827
969, 2073
970, 6261
971, 585
972, 6196
973, 2073
974, 2838
975, 585
976, 5483
977, 2073
978, 1319
979, 6261
980, 1319
981, 2838
982, 1319
983, 2838
984, 2851
985, 5798
986, 827
987, 5798
988, 1319
989, 1319
990, 2073
991, 2838
992, 6261
993, 1319
994, 1319
995, 5798
996, 2838
997, 1319
998, 2073
999, 2073
1000, 2073
1001, 2851
1002, 1319
1003, 2073
1004, 1319
1005, 313
1006, 6261
1007, 1319
1008, 2838
1009, 2851
1010, 2851
1011, 6261
1012, 5798
1013, 6261
1014, 5798
1015, 5798
1016, 2851
1017, 313
1018, 585
1019, 2910
1020, 1319
1021, 6261
1022, 1319
1023, 2073
1024, 2910
1025, 1319
1026, 313
1027, 827
1028, 5483
1029, 6261
1030, 1319
1031, 2073
1032, 6261
1033, 313
1034, 2073
1035, 2838
1036, 1319
1037, 2073
1038, 2073
1039, 2838
1040, 1319
1041, 1319
1042, 6261
1043, 313
1044, 2073
1045, 2838
1046, 1319
1047, 585
1048, 2073
1049, 827
1050, 1319
1051, 2838
1052, 6196
1053, 1319
1054, 585
1055, 1319
1056, 2838
1057, 1319
1058, 2073
1059, 1319
1060, 2838
1061, 5483
1062, 6261
1063, 5483
1064, 2073
1065, 1319
1066, 6261
1067, 1319
1068, 2838
1069, 6261
1070, 2838
1071, 6261
1072, 5798
1073, 6261
1074, 585
1075, 5483
1076, 2838
1077, 5798
1078, 585
1079, 2073
1080, 313
1081, 2073
1082, 2851
1083, 2073
1084, 2910
1085, 2838
1086, 313
1087, 6261
1088, 2851
1089, 1319
1090, 2838
1091, 5798
1092, 6196
1093, 2838
1094, 585
1095, 5798
1096, 6261
1097, 5483
1098, 5798
1099, 6261
1100, 2910
1101, 2851
1102, 1319
1103, 313
1104, 6196
1105, 6261
1106, 2073
1107, 1319
1108, 2073
1109, 2073
1110, 6196
1111, 5798
1112, 2838
1113, 2910
1114, 1319
1115, 2851
1116, 6261
1117, 827
1118, 1319
1119, 2910
1120, 2838
1121, 5798
1122, 6196
1123, 6196
1124, 6196
1125, 5483
1126, 1319
1127, 2073
1128, 5798
1129, 6196
1130, 6261
1131, 827
1132, 2838
1133, 1319
1134, 1319
1135, 313
1136, 2851
1137, 2838
1138, 6196
1139, 827
1140, 827
1141, 2851
1142, 827
1143, 5798
1144, 5798
1145, 5483
1146, 2838
1147, 1319
1148, 1319
1149, 827
1150, 6261
1151, 2838
1152, 313
1153, 313
1154, 1319
1155, 2910
1156, 5798
1157, 1319
1158, 6261
1159, 2910
1160, 2838
1161, 6261
1162, 1319
1163, 1319
1164, 313
1165, 1319
1166, 2073
1167, 585
1168, 2838
1169, 1319
1170, 6261
1171, 585
1172, 6261
1173, 1319
1174, 2838
1175, 2838
1176, 1319
1177, 2073
1178, 1319
1179, 2838
1180, 6261
1181, 2073
1182, 585
1183, 1319
1184, 6261
1185, 313
1186, 313
1187, 1319
1188, 1319
1189, 2851
1190, 2838
1191, 2910
1192, 6196
1193, 5483
1194, 1319
1195, 2910
1196, 6261
1197, 2838
1198, 6196
1199, 5483
1200, 1319
1201, 2838
1202, 5798
1203, 5798
1204, 313
1205, 2838
1206, 5798
1207, 2838
1208, 2073
1209, 2851
1210, 2073
1211, 2851
1212, 1319
1213, 1319
1214, 313
1215, 2838
1216, 6261
1217, 2851
1218, 585
1219, 6196
1220, 2838
1221, 5483
1222, 5483
1223, 2851
1224, 585
1225, 5798
1226, 313
1227, 5483
1228, 5483
1229, 2073
1230, 6261
1231, 6261
1232, 1319
1233, 2073
1234, 6261
1235, 2838
1236, 585
1237, 2073
1238, 5483
1239, 6261
1240, 2838
1241, 313
1242, 2073
1243, 6261
1244, 585
1245, 2838
1246, 585
1247, 1319
1248, 1319
1249, 313
1250, 2838
1251, 1319
1252, 6261
1253, 1319
1254, 2851
1255, 1319
1256, 313
1257, 6196
1258, 6196
1259, 2851
1260, 2073
1261, 5798
1262, 5798
1263, 1319
1264, 2073
1265, 2073
1266, 313
1267, 2851
1268, 1319
1269, 5483
1270, 313
1271, 1319
1272, 2838
1273, 5483
1274, 1319
1275, 2838
1276, 313
1277, 2838
1278, 1319
1279, 5798
1280, 827
1281, 2851
1282, 2851
1283, 313
1284, 827
1285, 2073
1286, 6261
1287, 1319
1288, 2851
1289, 6196
1290, 1319
1291, 6261
1292, 1319
1293, 313
1294, 313
1295, 313
1296, 2838
1297, 585
1298, 2838
1299, 1319
1300, 2073
1301, 1319
1302, 1319
1303, 2073
1304, 6196
1305, 6261
1306, 2838
1307, 5798
1308, 2910
1309, 1319
1310, 6261
1311, 1319
1312, 6261
1313, 6196
1314, 2838
1315, 6261
1316, 2073
1317, 1319
1318, 6261
1319, 1319
1320, 1319
1321, 6261
1322, 313
1323, 2910
1324, 1319
1325, 1319
1326, 1319
1327, 1319
1328, 1319
1329, 1319
1330, 6261
1331, 2073
1332, 6261
1333, 2851
1334, 585
1335, 2838
1336, 6261
1337, 585
1338, 2073
1339, 313
1340, 2910
1341, 2838
1342, 5798
1343, 5483
1344, 5798
1345, 2073
1346, 313
1347, 5483
1348, 2851
1349, 2851
1350, 2851
1351, 1319
1352, 1319
1353, 5798
1354, 1319
1355, 2073
1356, 2838
1357, 2838
1358, 6261
1359, 313
1360, 2073
1361, 2073
1362, 2838
1363, 313
1364, 6196
1365, 313
1366, 6261
1367, 2838
1368, 2073
1369, 6261
1370, 827
1371, 6261
1372, 313
1373, 5483
1374, 313
1375, 827
1376, 2073
1377, 6196
1378, 1319
1379, 5483
1380, 313
1381, 1319
1382, 6196
1383, 313
1384, 6196
1385, 1319
1386, 6261
1387, 2838
1388, 6196
1389, 5483
1390, 1319
1391, 5798
1392, 6261
1393, 5483
1394, 6261
1395, 1319
1396, 2073
1397, 313
1398, 827
1399, 2838
1400, 827
1401, 1319
1402, 827
1403, 5483
1404, 313
1405, 6261
1406, 1319
1407, 6261
1408, 2910
1409, 1319
1410, 6196
1411, 1319
1412, 1319
1413, 6196
1414, 313
1415, 2910
1416, 313
1417, 6261
1418, 5483
1419, 827
1420, 2838
1421, 2838
1422, 585
1423, 2910
1424, 585
1425, 1319
1426, 1319
1427, 313
1428, 2851
1429, 313
1430, 6261
1431, 2838
1432, 1319
1433, 2910
1434, 2910
1435, 1319
1436, 6261
1437, 2851
1438, 6196
1439, 5798
1440, 827
1441, 1319
1442, 5798
1443, 6261
1444, 313
1445, 2851
1446, 6261
1447, 2851
1448, 2838
1449, 313
1450, 6261
1451, 5798
1452, 6196
1453, 5483
1454, 6261
1455, 2838
1456, 5798
1457, 2910
1458, 2073
1459, 6261
1460, 2851
1461, 2851
1462, 6261
1463, 6261
1464, 5798
1465, 313
1466, 2073
1467, 313
1468, 2851
1469, 585
1470, 2073
1471, 6196
1472, 6261
1473, 2851
1474, 1319
1475, 2851
1476, 313
1477, 2838
1478, 827
1479, 1319
1480, 5483
1481, 1319
1482, 6196
1483, 585
1484, 827
1485, 1319
1486, 6261
1487, 313
1488, 827
1489, 2073
1490, 313
1491, 5798
1492, 2073
1493, 6196
1494, 2073
1495, 2910
1496, 2838
1497, 2910
1498, 2073
1499, 5798
1500, 5798
1501, 1319
1502, 6196
1503, 5483
1504, 827
1505, 827
1506, 6196
1507, 2838
1508, 313
1509, 1319
1510, 2073
1511, 1319
1512, 5798
1513, 2838
1514, 5798
1515, 6196
1516, 1319
1517, 1319
1518, 2073
1519, 1319
1520, 2073
1521, 827
1522, 1319
1523, 5483
1524, 5798
1525, 2851
1526, 585
1527, 6196
1528, 6261
1529, 827
1530, 313
1531, 6196
1532, 6261
1533, 6261
1534, 585
1535, 585
1536, 313
1537, 5798
1538, 827
1539, 5798
1540, 2851
1541, 5798
1542, 2838
1543, 2073
1544, 2073
1545, 2851
1546, 2073
1547, 1319
1548, 827
1549, 1319
1550, 2910
1551, 5798
1552, 6261
1553, 1319
1554, 1319
1555, 6196
1556, 6261
1557, 2073
1558, 6261
1559, 1319
1560, 313
1561, 1319
1562, 2851
1563, 6261
1564, 1319
1565, 6261
1566, 6196
1567, 1319
1568, 2838
1569, 2073
1570, 1319
1571, 585
1572, 313
1573, 1319
1574, 1319
1575, 1319
1576, 2910
1577, 1319
1578, 6196
1579, 2838
1580, 2073
1581, 6196
1582, 827
1583, 2851
1584, 585
1585, 6261
1586, 827
1587, 585
1588, 2838
1589, 313
1590, 2838
1591, 313
1592, 6196
1593, 827
1594, 827
1595, 6261
1596, 6261
1597, 1319
1598, 2838
1599, 6261
1600, 827
1601, 5483
1602, 2838
1603, 1319
1604, 2851
1605, 1319
1606, 585
1607, 827
1608, 6196
1609, 827
1610, 313
1611, 2851
1612, 6196
1613, 1319
1614, 2838
1615, 2910
1616, 6196
1617, 6261
1618, 5798
1619, 2838
1620, 1319
1621, 2910
1622, 827
1623, 2838
1624, 313
1625, 2073
1626, 6196
1627, 5798
1628, 1319
1629, 827
1630, 5483
1631, 827
1632, 6261
1633, 827
1634, 2838
1635, 2851
1636, 313
1637, 1319
1638, 313
1639, 313
1640, 2851
1641, 585
1642, 2073
1643, 313
1644, 827
1645, 827
1646, 827
1647, 2073
1648, 6196
1649, 5483
1650, 6261
1651, 585
1652, 6261
1653, 6196
1654, 827
1655, 5798
1656, 1319
1657, 1319
1658, 2851
1659, 2910
1660, 6196
1661, 6261
1662, 5798
1663, 1319
1664, 2910
1665, 1319
1666, 313
1667, 6261
1668, 313
1669, 6196
1670, 1319
1671, 5798
1672, 2073
1673, 585
1674, 827
1675, 2838
1676, 2838
1677, 2910
1678, 313
1679, 2073
1680, 2838
1681, 827
1682, 2838
1683, 2073
1684, 6261
1685, 2838
1686, 585
1687, 2838
1688, 2838
1689, 2073
1690, 5798
1691, 313
1692, 6261
1693, 827
1694, 827
1695, 6196
1696, 5798
1697, 2851
1698, 313
1699, 5798
1700, 1319
1701, 827
1702, 1319
1703, 2910
1704, 2838
1705, 313
1706, 1319
1707, 313
1708, 6261
1709, 1319
1710, 313
1711, 2838
1712, 2838
1713, 6261
1714, 6261
1715, 585
1716, 585
1717, 1319
1718, 1319
1719, 2838
1720, 6261
1721, 6261
1722, 827
1723, 827
1724, 6261
1725, 2838
1726, 313
1727, 1319
1728, 2851
1729, 1319
1730, 1319
1731, 313
1732, 2838
1733, 6196
1734, 2851
1735, 5483
1736, 1319
1737, 1319
1738, 585
1739, 313
1740, 2910
1741, 6196
1742, 1319
1743, 1319
1744, 313
1745, 6261
1746, 1319
1747, 313
1748, 2910
1749, 6261
1750, 6261
1751, 5483
1752, 585
1753, 5483
1754, 2073
1755, 585
1756, 5798
1757, 313
1758, 2838
1759, 2838
1760, 2851
1761, 6196
1762, 2073
1763, 1319
1764, 2851
1765, 313
1766, 2838
1767, 2073
1768, 2851
1769, 6261
1770, 6261
1771, 2851
1772, 2838
1773, 6196
1774, 6196
1775, 6196
1776, 5483
1777, 2851
1778, 6196
1779, 1319
1780, 2073
1781, 5483
1782, 6261
1783, 5483
1784, 2838
1785, 2073
1786, 1319
1787, 1319
1788, 6261
1789, 1319
1790, 2073
1791, 1319
1792, 2838
1793, 2910
1794, 313
1795, 313
1796, 313
1797, 1319
1798, 827
1799, 2838
1800, 2073
1801, 5798
1802, 6261
1803, 6261
1804, 1319
1805, 313
1806, 1319
1807, 1319
1808, 6261
1809, 313
1810, 6261
1811, 827
1812, 1319
1813, 1319
1814, 1319
1815, 1319
1816, 1319
1817, 2838
1818, 2838
1819, 1319
1820, 1319
1821, 6196
1822, 2073
1823, 2851
1824, 313
1825, 1319
1826, 1319
1827, 5798
1828, 1319
1829, 1319
1830, 1319
1831, 313
1832, 2073
1833, 313
1834, 6261
1835, 313
1836, 2073
1837, 2073
1838, 313
1839, 827
1840, 2838
1841, 5798
1842, 2851
1843, 2838
1844, 6196
1845, 2073
1846, 5798
1847, 1319
1848, 1319
1849, 5798
1850, 313
1851, 1319
1852, 1319
1853, 2851
1854, 6261
1855, 6261
1856, 313
1857, 2910
1858, 6261
1859, 2838
1860, 1319
1861, 2838
1862, 6261
1863, 1319
1864, 6261
1865, 1319
1866, 2851
1867, 2910
1868, 2838
1869, 313
1870, 585
1871, 5798
1872, 585
1873, 5798
1874, 2073
1875, 6261
1876, 827
1877, 1319
1878, 5798
1879, 2073
1880, 6196
1881, 2910
1882, 313
1883, 6261
1884, 313
1885, 1319
1886, 827
1887, 313
1888, 5798
1889, 1319
1890, 313
1891, 585
1892, 2851
1893, 1319
1894, 2910
1895, 2910
1896, 2910
1897, 6196
1898, 827
1899, 2073
1900, 1319
1901, 313
1902, 1319
1903, 2910
1904, 2073
1905, 5798
1906, 6261
1907, 585
1908, 2073
1909, 2910
1910, 6261
1911, 6261
1912, 1319
1913, 313
1914, 2851
1915, 2073
1916, 5798
1917, 5798
1918, 585
1919, 827
1920, 6196
1921, 6261
1922, 2838
1923, 313
1924, 2910
1925, 2838
1926, 6196
1927, 5798
1928, 1319
1929, 1319
1930, 2838
1931, 2838
1932, 5483
1933, 1319
1934, 2073
1935, 1319
1936, 585
1937, 313
1938, 1319
1939, 6196
1940, 1319
1941, 1319
1942, 827
1943, 1319
1944, 5798
1945, 1319
1946, 585
1947, 5798
1948, 2838
1949, 1319
1950, 2838
1951, 827
1952, 2838
1953, 2838
1954, 1319
1955, 1319
1956, 313
1957, 1319
1958, 313
1959, 5798
1960, 6261
1961, 827
1962, 585
1963, 2838
1964, 2910
1965, 313
1966, 2851
1967, 5798
1968, 2073
1969, 6196
1970, 6196
1971, 6196
1972, 6196
1973, 6196
1974, 2838
1975, 313
1976, 6261
1977, 2073
1978, 1319
1979, 2073
1980, 827
1981, 1319
1982, 6196
1983, 2073
1984, 5798
1985, 6196
1986, 2838
1987, 313
1988, 5798
1989, 1319
1990, 2910
1991, 827
1992, 2910
1993, 313
1994, 2851
1995, 2851
1996, 313
1997, 1319
1998, 2851
1999, 2838
2000, 1319
2001, 5483
2002, 585
2003, 313
2004, 6261
2005, 6261
2006, 6261
2007, 6261
2008, 1319
2009, 6261
2010, 6261
2011, 2851
2012, 1319
2013, 6196
2014, 827
2015, 1319
2016, 2073
2017, 6261
2018, 1319
2019, 6196
2020, 2851
2021, 313
2022, 5483
2023, 5798
2024, 2851
2025, 6261
2026, 1319
2027, 6196
2028, 2073
2029, 6261
2030, 1319
2031, 827
2032, 2838
2033, 5798
2034, 6261
2035, 6261
2036, 6261
2037, 2851
2038, 6196
2039, 2838
2040, 6261
2041, 2910
2042, 2073
2043, 6261
2044, 1319
2045, 6196
2046, 313
2047, 2838
2048, 2073
2049, 313
2050, 6261
2051, 6196
2052, 6261
2053, 2838
2054, 2851
2055, 5798
2056, 2910
2057, 2910
2058, 5798
2059, 6196
2060, 2073
2061, 5798
2062, 2851
2063, 6196
2064, 2851
2065, 827
2066, 585
2067, 1319
2068, 1319
2069, 2073
2070, 2851
2071, 2073
2072, 5798
2073, 2073
2074, 6196
2075, 2073
2076, 2851
2077, 1319
2078, 6196
2079, 6261
2080, 1319
2081, 2910
2082, 1319
2083, 6196
2084, 1319
2085, 1319
2086, 2838
2087, 1319
2088, 2851
2089, 2073
2090, 5483
2091, 2910
2092, 2910
2093, 2073
2094, 1319
2095, 313
2096, 6261
2097, 2910
2098, 6261
2099, 585
2100, 2851
2101, 2851
2102, 6196
2103, 2838
2104, 2073
2105, 6196
2106, 1319
2107, 6196
2108, 2851
2109, 2851
2110, 6261
2111, 313
2112, 2910
2113, 2910
2114, 1319
2115, 2073
2116, 5798
2117, 2073
2118, 585
2119, 1319
2120, 827
2121, 5798
2122, 6261
2123, 5798
2124, 6196
2125, 6261
2126, 2838
2127, 6196
2128, 2838
2129, 5798
2130, 2910
2131, 585
2132, 2838
2133, 827
2134, 1319
2135, 827
2136, 1319
2137, 313
2138, 6196
2139, 313
2140, 5483
2141, 1319
2142, 6196
2143, 2838
2144, 6261
2145, 2838
2146, 2851
2147, 5798
2148, 6196
2149, 2851
2150, 2838
2151, 1319
2152, 2910
2153, 5798
2154, 1319
2155, 1319
2156, 6261
2157, 1319
2158, 5798
2159, 2851
2160, 313
2161, 5798
2162, 827
2163, 2851
2164, 313
2165, 1319
2166, 2838
2167, 585
2168, 6196
2169, 6196
2170, 6196
2171, 2073
2172, 827
2173, 5798
2174, 2851
2175, 2910
2176, 6261
2177, 2073
2178, 5483
2179, 2073
2180, 2851
2181, 5798
2182, 2073
2183, 313
2184, 2838
2185, 313
2186, 2851
2187, 585
2188, 5798
2189, 313
2190, 2910
2191, 2910
2192, 585
2193, 6261
2194, 5798
2195, 2073
2196, 827
2197, 1319
2198, 1319
2199, 1319
2200, 313
2201, 2910
2202, 1319
2203, 827
2204, 1319
2205, 1319
2206, 1319
2207, 313
2208, 6196
2209, 313
2210, 2851
2211, 313
2212, 1319
2213, 313
2214, 313
2215, 313
2216, 6261
2217, 5798
2218, 1319
2219, 2838
2220, 1319
2221, 313
2222, 2838
2223, 2851
2224, 1319
2225, 827
2226, 2851
2227, 1319
2228, 1319
2229, 6261
2230, 1319
2231, 6196
2232, 5483
2233, 6196
2234, 2838
2235, 2838
2236, 2910
2237, 1319
2238, 6261
2239, 1319
2240, 2073
2241, 6196
2242, 5798
2243, 2851
2244, 6196
2245, 5483
2246, 5798
2247, 1319
2248, 2851
2249, 2851
2250, 313
2251, 585
2252, 6261
2253, 1319
2254, 1319
2255, 2073
2256, 6196
2257, 2838
2258, 1319
2259, 2073
2260, 1319
2261, 6261
2262, 1319
2263, 2073
2264, 6196
2265, 1319
2266, 313
2267, 313
2268, 827
2269, 2851
2270, 2073
2271, 585
2272, 827
2273, 313
2274, 2073
2275, 6196
2276, 2073
2277, 2073
2278, 2851
2279, 1319
2280, 2851
2281, 827
2282, 6261
2283, 1319
2284, 6196
2285, 2851
2286, 5483
2287, 5483
2288, 2910
2289, 1319
2290, 5483
2291, 2838
2292, 1319
2293, 2838
2294, 5798
2295, 2073
2296, 6261
2297, 585
2298, 827
2299, 2851
2300, 5798
2301, 1319
2302, 2073
2303, 6261
2304, 2910
2305, 5483
2306, 6196
2307, 2851
2308, 5483
2309, 6261
2310, 1319
2311, 2851
2312, 2910
2313, 1319
2314, 1319
2315, 2910
2316, 1319
2317, 2073
2318, 6196
2319, 2851
2320, 5798
2321, 5798
2322, 2910
2323, 6196
2324, 6196
2325, 6196
2326, 5798
2327, 2838
2328, 827
2329, 2073
2330, 827
2331, 585
2332, 585
2333, 1319
2334, 6261
2335, 2073
2336, 585
2337, 1319
2338, 2073
2339, 1319
2340, 2910
2341, 2838
2342, 5483
2343, 2851
2344, 6196
2345, 6196
2346, 1319
2347, 1319
2348, 2073
2349, 6261
2350, 2851
2351, 313
2352, 6196
2353, 6261
2354, 1319
2355, 313
2356, 313
2357, 1319
2358, 1319
2359, 2073
2360, 313
2361, 5483
2362, 1319
2363, 5798
2364, 313
2365, 313
2366, 6261
2367, 1319
2368, 5798
2369, 313
2370, 5483
2371, 1319
2372, 1319
2373, 6261
2374, 6261
2375, 313
2376, 2910
2377, 1319
2378, 6261
2379, 6261
2380, 6196
2381, 313
2382, 6261
2383, 5798
2384, 1319
2385, 1319
2386, 1319
2387, 1319
2388, 6196
2389, 6261
2390, 1319
2391, 827
2392, 1319
2393, 5798
2394, 1319
2395, 1319
2396, 5798
2397, 6196
2398, 5483
2399, 6261
2400, 6196
2401, 1319
2402, 313
2403, 313
2404, 1319
2405, 1319
2406, 313
2407, 2910
2408, 2838
2409, 5798
2410, 2851
2411, 2073
2412, 585
2413, 1319
2414, 313
2415, 827
2416, 1319
2417, 2910
2418, 2910
2419, 5483
2420, 5798
2421, 827
2422, 313
2423, 5798
2424, 1319
2425, 1319
2426, 1319
2427, 1319
2428, 1319
2429, 5483
2430, 2838
2431, 5483
2432, 2073
2433, 1319
2434, 585
2435, 313
2436, 6196
2437, 313
2438, 2910
2439, 1319
2440, 6261
2441, 6196
2442, 1319
2443, 1319
2444, 5483
2445, 5483
2446, 2838
2447, 313
2448, 313
2449, 5798
2450, 313
2451, 313
2452, 2851
2453, 2851
2454, 6196
2455, 6261
2456, 827
2457, 2838
2458, 2851
2459, 1319
2460, 2838
2461, 1319
2462, 1319
2463, 827
2464, 1319
2465, 1319
2466, 827
2467, 2073
2468, 2073
2469, 6261
2470, 2851
2471, 6261
2472, 585
2473, 2910
2474, 1319
2475, 827
2476, 5798
2477, 585
2478, 5798
2479, 1319
2480, 2910
2481, 2073
2482, 5483
2483, 313
2484, 6196
2485, 2838
2486, 6261
2487, 5798
2488, 827
2489, 1319
2490, 6261
2491, 2838
2492, 1319
2493, 1319
2494, 6261
2495, 6196
2496, 585
2497, 2073
2498, 2838
2499, 6261
2500, 1319
2501, 2838
2502, 1319
2503, 2073
2504, 6196
2505, 6261
2506, 2910
2507, 5483
2508, 6261
2509, 6196
2510, 1319
2511, 2851
2512, 1319
2513, 827
2514, 6261
2515, 827
2516, 2910
2517, 1319
2518, 6261
2519, 5798
2520, 1319
2521, 6196
2522, 313
2523, 2851
2524, 2073
2525, 313
2526, 2073
2527, 313
2528, 6261
2529, 5798
2530, 5483
2531, 6261
2532, 2838
2533, 5483
2534, 827
2535, 2073
2536, 2073
2537, 1319
2538, 6261
2539, 6261
2540, 6261
2541, 6261
2542, 5798
2543, 827
2544, 6261
2545, 313
2546, 2838
2547, 6261
2548, 2838
2549, 585
2550, 313
2551, 1319
2552, 1319
2553, 6261
2554, 5798
2555, 585
2556, 2838
2557, 1319
2558, 6261
2559, 585
2560, 1319
2561, 6261
2562, 6261
2563, 1319
2564, 2073
2565, 2910
2566, 5483
2567, 1319
2568, 2838
2569, 313
2570, 6261
2571, 2851
2572, 313
2573, 2838
2574, 585
2575, 2073
2576, 1319
2577, 1319
2578, 2851
2579, 585
2580, 313
2581, 1319
2582, 1319
2583, 1319
2584, 5798
2585, 5798
2586, 2910
2587, 827
2588, 5798
2589, 1319
2590, 313
2591, 2910
2592, 1319
2593, 2851
2594, 6261
2595, 2910
2596, 2073
2597, 827
2598, 6261
2599, 313
2600, 2851
2601, 2073
2602, 585
2603, 2073
2604, 6261
2605, 6196
2606, 313
2607, 827
2608, 5483
2609, 2073
2610, 2910
2611, 1319
2612, 5483
2613, 6261
2614, 313
2615, 2073
2616, 2910
2617, 2073
2618, 313
2619, 2073
2620, 827
2621, 1319
2622, 1319
2623, 2910
2624, 1319
2625, 2851
2626, 1319
2627, 2910
2628, 313
2629, 2838
2630, 5798
2631, 6196
2632, 6196
2633, 2910
2634, 2910
2635, 1319
2636, 6196
2637, 827
2638, 1319
2639, 1319
2640, 827
2641, 313
2642, 2073
2643, 827
2644, 313
2645, 5798
2646, 827
2647, 6261
2648, 1319
2649, 2910
2650, 313
2651, 827
2652, 313
2653, 1319
2654, 6196
2655, 2851
2656, 313
2657, 2851
2658, 6261
2659, 6196
2660, 2851
2661, 5483
2662, 2073
2663, 1319
2664, 827
2665, 2838
2666, 6261
2667, 2851
2668, 6261
2669, 2910
2670, 2073
2671, 2838
2672, 5483
2673, 313
2674, 5798
2675, 313
2676, 2851
2677, 827
2678, 2838
2679, 585
2680, 6261
2681, 1319
2682, 313
2683, 2851
2684, 313
2685, 2910
2686, 5798
2687, 2838
2688, 5483
2689, 5798
2690, 313
2691, 1319
2692, 2838
2693, 2838
2694, 1319
2695, 6196
2696, 1319
2697, 585
2698, 2073
2699, 6261
2700, 2838
2701, 2910
2702, 6261
2703, 585
2704, 2910
2705, 2073
2706, 6261
2707, 2851
2708, 5798
2709, 2838
2710, 1319
2711, 2073
2712, 1319
2713, 2851
2714, 313
2715, 6196
2716, 1319
2717, 313
2718, 1319
2719, 1319
2720, 6261
2721, 5798
2722, 313
2723, 6196
2724, 2073
2725, 2073
2726, 1319
2727, 1319
2728, 1319
2729, 6261
2730, 2838
2731, 1319
2732, 2851
2733, 6261
2734, 2073
2735, 1319
2736, 2851
2737, 313
2738, 827
2739, 2073
2740, 827
2741, 313
2742, 2851
2743, 2838
2744, 5798
2745, 313
2746, 313
2747, 1319
2748, 2838
2749, 2838
2750, 6261
2751, 585
2752, 6196
2753, 313
2754, 2073
2755, 1319
2756, 2838
2757, 2910
2758, 2851
2759, 1319
2760, 6261
2761, 2851
2762, 6261
2763, 2838
2764, 313
2765, 6261
2766, 585
2767, 5483
2768, 6261
2769, 6261
2770, 1319
2771, 6196
2772, 2838
2773, 2838
2774, 827
2775, 1319
2776, 2073
2777, 2851
2778, 5483
2779, 2838
2780, 2073
2781, 5798
2782, 1319
2783, 6196
2784, 2851
2785, 827
2786, 6196
2787, 6196
2788, 2838
2789, 5483
2790, 313
2791, 827
2792, 1319
2793, 2073
2794, 6261
2795, 827
2796, 1319
2797, 5798
2798, 2838
2799, 5798
2800, 827
2801, 6261
2802, 2073
2803, 6261
2804, 313
2805, 1319
2806, 5798
2807, 2073
2808, 2851
2809, 827
2810, 2073
2811, 1319
2812, 2851
2813, 585
2814, 6196
2815, 1319
2816, 6196
2817, 2838
2818, 1319
2819, 6196
2820, 6196
2821, 827
2822, 6196
2823, 827
2824, 313
2825, 2073
2826, 2073
2827, 1319
2828, 313
2829, 2838
2830, 2838
2831, 1319
2832, 2073
2833, 2073
2834, 6196
2835, 6196
2836, 1319
2837, 2910
2838, 2910
2839, 5798
2840, 5483
2841, 5483
2842, 2838
2843, 1319
2844, 1319
2845, 1319
2846, 2851
2847, 2073
2848, 2910
2849, 6196
2850, 585
2851, 2851
2852, 6196
2853, 2073
2854, 313
2855, 313
2856, 5483
2857, 6261
2858, 6261
2859, 827
2860, 6261
2861, 5798
2862, 2851
2863, 1319
2864, 6261
2865, 6196
2866, 313
2867, 1319
2868, 5798
2869, 1319
2870, 585
2871, 2851
2872, 5798
2873, 2851
2874, 6261
2875, 313
2876, 6261
2877, 2838
2878, 827
2879, 5798
2880, 6196
2881, 1319
2882, 2073
2883, 1319
2884, 2073
2885, 313
2886, 2910
2887, 1319
2888, 2910
2889, 313
2890, 2851
2891, 2838
2892, 313
2893, 2838
2894, 2838
2895, 2073
2896, 6261
2897, 313
2898, 6261
2899, 1319
2900, 6196
2901, 2851
2902, 1319
2903, 313
2904, 6261
2905, 2910
2906, 6261
2907, 2851
2908, 1319
2909, 6196
2910, 2910
2911, 313
2912, 1319
2913, 1319
2914, 313
2915, 585
2916, 5798
2917, 2073
2918, 5798
2919, 2073
2920, 6196
2921, 2851
2922, 5798
2923, 827
2924, 5483
2925, 1319
2926, 2910
2927, 6261
2928, 5483
2929, 2073
2930, 313
2931, 1319
2932, 2851
2933, 2073
2934, 6261
2935, 2851
2936, 6261
2937, 313
2938, 313
2939, 1319
2940, 2910
2941, 313
2942, 2073
2943, 1319
2944, 2851
2945, 2838
2946, 2073
2947, 2073
2948, 585
2949, 827
2950, 313
2951, 2838
2952, 2838
2953, 2910
2954, 6261
2955, 6261
2956, 313
2957, 827
2958, 2910
2959, 6261
2960, 6261
2961, 2851
2962, 827
2963, 1319
2964, 6261
2965, 2851
2966, 2073
2967, 5483
2968, 6196
2969, 2838
2970, 2838
2971, 1319
2972, 313
2973, 6196
2974, 2073
2975, 5798
2976, 1319
2977, 6261
2978, 1319
2979, 2851
2980, 2073
2981, 5798
2982, 313
2983, 2910
2984, 313
2985, 6261
2986, 1319
2987, 6261
2988, 2910
2989, 6196
2990, 313
2991, 1319
2992, 6261
2993, 2073
2994, 313
2995, 5798
2996, 6261
2997, 2073
2998, 6261
2999, 2910
3000, 6196
3001, 313
3002, 6261
3003, 827
3004, 6261
3005, 585
3006, 313
3007, 2073
3008, 2910
3009, 2910
3010, 1319
3011, 2910
3012, 2073
3013, 6196
3014, 6261
3015, 313
3016, 313
3017, 6196
3018, 1319
3019, 5483
3020, 1319
3021, 1319
3022, 5798
3023, 6196
3024, 1319
3025, 2838
3026, 2838
3027, 2851
3028, 5483
3029, 1319
3030, 1319
3031, 2851
3032, 1319
3033, 6261
3034, 6196
3035, 1319
3036, 2851
3037, 5798
3038, 2073
3039, 585
3040, 2851
3041, 6261
3042, 1319
3043, 1319
3044, 2851
3045, 6261
3046, 6261
3047, 1319
3048, 1319
3049, 6261
3050, 2851
3051, 827
3052, 6196
3053, 585
3054, 1319
3055, 1319
3056, 313
3057, 2073
3058, 2073
3059, 2910
3060, 2838
3061, 5798
3062, 2838
3063, 5798
3064, 2838
3065, 5483
3066, 313
3067, 2910
3068, 827
3069, 2073
3070, 1319
3071, 313
3072, 313
3073, 313
3074, 6261
3075, 5798
3076, 1319
3077, 1319
3078, 2838
3079, 2838
3080, 2838
3081, 1319
3082, 6261
3083, 1319
3084, 1319
3085, 2851
3086, 313
3087, 6261
3088, 2838
3089, 2851
3090, 2851
3091, 1319
3092, 313
3093, 6196
3094, 1319
3095, 1319
3096, 1319
3097, 2073
3098, 827
3099, 827
3100, 1319
3101, 585
3102, 313
3103, 1319
3104, 1319
3105, 1319
3106, 5798
3107, 2838
3108, 6261
3109, 2073
3110, 6261
3111, 6261
3112, 6261
3113, 6261
3114, 2073
3115, 585
3116, 6196
3117, 1319
3118, 2073
3119, 827
3120, 2073
3121, 6196
3122, 585
3123, 6196
3124, 313
3125, 2073
3126, 2851
3127, 6196
3128, 827
3129, 827
3130, 5798
3131, 2838
3132, 827
3133, 6261
3134, 2910
3135, 827
3136, 313
3137, 313
3138, 827
3139, 585
3140, 2910
3141, 6261
3142, 1319
3143, 5798
3144, 313
3145, 6261
3146, 2851
3147, 313
3148, 6261
3149, 2838
3150, 2073
3151, 1319
3152, 5798
3153, 827
3154, 827
3155, 1319
3156, 585
3157, 2838
3158, 6261
3159, 313
3160, 2838
3161, 6261
3162, 1319
3163, 2838
3164, 585
3165, 2910
3166, 2851
3167, 6196
3168, 827
3169, 6261
3170, 827
3171, 6261
3172, 6261
3173, 585
3174, 2073
3175, 5483
3176, 2073
3177, 2838
3178, 2838
3179, 2910
3180, 6196
3181, 313
3182, 1319
3183, 6261
3184, 2073
3185, 313
3186, 6196
3187, 2851
3188, 2910
3189, 1319
3190, 1319
3191, 5798
3192, 2838
3193, 2838
3194, 2838
3195, 827
3196, 2838
3197, 827
3198, 6196
3199, 6196
3200, 6196
3201, 2838
3202, 6261
3203, 2838
3204, 827
3205, 6196
3206, 1319
3207, 2910
3208, 6261
3209, 6261
3210, 2910
3211, 1319
3212, 2851
3213, 585
3214, 2838
3215, 2838
3216, 313
3217, 2851
3218, 2851
3219, 313
3220, 1319
3221, 2851
3222, 585
3223, 5798
3224, 313
3225, 1319
3226, 2838
3227, 1319
3228, 2073
3229, 1319
3230, 2838
3231, 1319
3232, 2838
3233, 5798
3234, 2910
3235, 2838
3236, 313
3237, 5483
3238, 1319
3239, 2073
3240, 1319
3241, 2851
3242, 313
3243, 1319
3244, 6196
3245, 6196
3246, 6196
3247, 2910
3248, 313
3249, 2910
3250, 2838
3251, 6261
3252, 2838
3253, 6261
3254, 313
3255, 5483
3256, 2851
3257, 313
3258, 2851
3259, 5483
3260, 827
3261, 5483
3262, 313
3263, 5483
3264, 2838
3265, 2838
3266, 585
3267, 6261
3268, 1319
3269, 6261
3270, 827
3271, 313
3272, 5483
3273, 1319
3274, 1319
3275, 1319
3276, 6261
3277, 2838
3278, 313
3279, 2851
3280, 5483
3281, 2838
3282, 2073
3283, 6196
3284, 2838
3285, 6261
3286, 2073
3287, 2838
3288, 2910
3289, 2851
3290, 5798
3291, 6196
3292, 2073
3293, 1319
3294, 827
3295, 2073
3296, 1319
3297, 2851
3298, 313
3299, 5483
3300, 313
3301, 2838
3302, 827
3303, 827
3304, 2851
3305, 2838
3306, 1319
3307, 2838
3308, 6261
3309, 1319
3310, 585
3311, 2838
3312, 5483
3313, 2073
3314, 585
3315, 1319
3316, 313
3317, 2073
3318, 1319
3319, 2838
3320, 2073
3321, 6261
3322, 2838
3323, 585
3324, 827
3325, 2910
3326, 2851
3327, 2910
3328, 2910
3329, 2073
3330, 6196
3331, 585
3332, 2073
3333, 1319
3334, 6261
3335, 1319
3336, 6261
3337, 2910
3338, 6261
3339, 5798
3340, 5798
3341, 6261
3342, 6261
3343, 2073
3344, 5798
3345, 827
3346, 2073
3347, 313
3348, 313
3349, 2073
3350, 5483
3351, 2073
3352, 2910
3353, 6261
3354, 2851
3355, 1319
3356, 2073
3357, 2073
3358, 2838
3359, 585
3360, 6196
3361, 1319
3362, 6261
3363, 5483
3364, 313
3365, 6261
3366, 5798
3367, 6196
3368, 1319
3369, 2851
3370, 1319
3371, 6261
3372, 1319
3373, 827
3374, 2910
3375, 827
3376, 2910
3377, 6196
3378, 1319
3379, 1319
3380, 2851
3381, 2073
3382, 827
3383, 313
3384, 827
3385, 6261
3386, 2838
3387, 6261
3388, 6261
3389, 1319
3390, 1319
3391, 1319
3392, 6261
3393, 1319
3394, 5798
3395, 6261
3396, 5483
3397, 827
3398, 2910
3399, 6196
3400, 6261
3401, 585
3402, 5798
3403, 6261
3404, 5798
3405, 2838
3406, 2851
3407, 2838
3408, 2910
3409, 1319
3410, 5798
3411, 1319
3412, 5483
3413, 1319
3414, 313
3415, 1319
3416, 1319
3417, 6196
3418, 2838
3419, 1319
3420, 1319
3421, 1319
3422, 2073
3423, 2838
3424, 2838
3425, 2073
3426, 2073
3427, 2073
3428, 313
3429, 1319
3430, 313
3431, 313
3432, 313
3433, 2851
3434, 6196
3435, 827
3436, 6261
3437, 2910
3438, 5483
3439, 5483
3440, 827
3441, 5483
3442, 2838
3443, 1319
3444, 2838
3445, 6196
3446, 6196
3447, 2910
3448, 6261
3449, 313
3450, 6261
3451, 6261
3452, 6196
3453, 2838
3454, 2838
3455, 585
3456, 6196
3457, 6261
3458, 313
3459, 6261
3460, 2073
3461, 585
3462, 2851
3463, 2851
3464, 6261
3465, 6196
3466, 6261
3467, 6196
3468, 6261
3469, 5483
3470, 313
3471, 2838
3472, 1319
3473, 313
3474, 1319
3475, 6196
3476, 5798
3477, 827
3478, 2838
3479, 827
3480, 585
3481, 2073
3482, 6196
3483, 2073
3484, 313
3485, 6261
3486, 2851
3487, 2073
3488, 1319
3489, 313
3490, 1319
3491, 313
3492, 5798
3493, 585
3494, 1319
3495, 2838
3496, 827
3497, 313
3498, 1319
3499, 2910
3500, 6261
3501, 6261
3502, 2910
3503, 827
3504, 313
3505, 1319
3506, 1319
3507, 6261
3508, 6261
3509, 6196
3510, 6261
3511, 585
3512, 1319
3513, 6261
3514, 585
3515, 313
3516, 2838
3517, 313
3518, 2910
3519, 1319
3520, 5483
3521, 2073
3522, 827
3523, 2910
3524, 2851
3525, 1319
3526, 2910
3527, 6261
3528, 313
3529, 5798
3530, 2838
3531, 2838
3532, 6196
3533, 1319
3534, 2838
3535, 585
3536, 2073
3537, 2073
3538, 2073
3539, 6261
3540, 585
3541, 6261
3542, 2910
3543, 6261
3544, 5798
3545, 2910
3546, 6261
3547, 5798
3548, 313
3549, 313
3550, 2838
3551, 1319
3552, 6261
3553, 6261
3554, 1319
3555, 6261
3556, 1319
3557, 6261
3558, 1319
3559, 6261
3560, 313
3561, 1319
3562, 1319
3563, 313
3564, 5798
3565, 2910
3566, 6196
3567, 2073
3568, 6261
3569, 2851
3570, 1319
3571, 6261
3572, 1319
3573, 6261
3574, 5798
3575, 2073
3576, 1319
3577, 313
3578, 1319
3579, 2838
3580, 1319
3581, 6261
3582, 313
3583, 6261
3584, 1319
3585, 585
3586, 2838
3587, 1319
3588, 313
3589, 1319
3590, 1319
3591, 6196
3592, 5798
3593, 2073
3594, 6196
3595, 2838
3596, 5483
3597, 2838
3598, 6261
3599, 1319
3600, 827
3601, 827
3602, 6261
3603, 5483
3604, 6261
3605, 6261
3606, 6196
3607, 6196
3608, 2073
3609, 827
3610, 313
3611, 1319
3612, 2851
3613, 313
3614, 2851
3615, 2851
3616, 5798
3617, 2910
3618, 5798
3619, 6261
3620, 2910
3621, 1319
3622, 827
3623, 827
3624, 2910
3625, 313
3626, 2838
3627, 2073
3628, 5798
3629, 5483
3630, 1319
3631, 2073
3632, 2073
3633, 2910
3634, 1319
3635, 313
3636, 2838
3637, 313
3638, 6196
3639, 1319
3640, 313
3641, 5798
3642, 1319
3643, 2073
3644, 585
3645, 827
3646, 6261
3647, 2838
3648, 6261
3649, 6261
3650, 313
3651, 2838
3652, 5798
3653, 5798
3654, 1319
3655, 2073
3656, 6196
3657, 585
3658, 827
3659, 585
3660, 6196
3661, 827
3662, 6261
3663, 6196
3664, 2910
3665, 2851
3666, 2838
3667, 2073
3668, 313
3669, 1319
3670, 6196
3671, 827
3672, 313
3673, 2838
3674, 5798
3675, 5798
3676, 5483
3677, 2073
3678, 5798
3679, 5483
3680, 6261
3681, 1319
3682, 585
3683, 2851
3684, 6261
3685, 5483
3686, 5483
3687, 1319
3688, 2851
3689, 313
3690, 1319
3691, 1319
3692, 313
3693, 6196
3694, 1319
3695, 5483
3696, 5798
3697, 2910
3698, 6261
3699, 1319
3700, 2851
3701, 313
3702, 6261
3703, 2838
3704, 2073
3705, 1319
3706, 6196
3707, 2073
3708, 5798
3709, 6196
3710, 2838
3711, 313
3712, 2910
3713, 6196
3714, 313
3715, 827
3716, 6261
3717, 5798
3718, 2838
3719, 313
3720, 6261
3721, 827
3722, 313
3723, 1319
3724, 827
3725, 313
3726, 1319
3727, 827
3728, 1319
3729, 6261
3730, 2073
3731, 313
3732, 5798
3733, 6261
3734, 1319
3735, 1319
3736, 1319
3737, 313
3738, 5483
3739, 5483
3740, 313
3741, 5798
3742, 313
3743, 1319
3744, 6196
3745, 827
3746, 6196
3747, 2073
3748, 585
3749, 6196
3750, 313
3751, 2838
3752, 5798
3753, 5798
3754, 1319
3755, 313
3756, 6196
3757, 6196
3758, 2851
3759, 827
3760, 1319
3761, 827
3762, 827
3763, 2851
3764, 2851
3765, 2838
3766, 2851
3767, 2851
3768, 585
3769, 827
3770, 2838
3771, 827
3772, 1319
3773, 313
3774, 5798
3775, 313
3776, 2838
3777, 2073
3778, 2838
3779, 2838
3780, 585
3781, 2838
3782, 2838
3783, 5798
3784, 1319
3785, 6261
3786, 1319
3787, 2838
3788, 2073
3789, 2073
3790, 2851
3791, 2851
3792, 827
3793, 2910
3794, 2838
3795, 585
3796, 827
3797, 6261
3798, 1319
3799, 2073
3800, 313
3801, 6196
3802, 6196
3803, 585
3804, 1319
3805, 1319
3806, 2838
3807, 2838
3808, 2910
3809, 6261
3810, 313
3811, 2073
3812, 2838
3813, 2073
3814, 827
3815, 6196
3816, 6261
3817, 1319
3818, 2838
3819, 6196
3820, 6261
3821, 2910
3822, 2910
3823, 1319
3824, 2838
3825, 6196
3826, 827
3827, 2838
3828, 6261
3829, 2851
3830, 6196
3831, 2838
3832, 2838
3833, 2910
3834, 313
3835, 2073
3836, 1319
3837, 2838
3838, 5798
3839, 6261
3840, 313
3841, 827
3842, 313
3843, 827
3844, 6261
3845, 6261
3846, 1319
3847, 6196
3848, 2838
3849, 2073
3850, 2073
3851, 313
3852, 2838
3853, 1319
3854, 1319
3855, 2838
3856, 2073
3857, 2851
3858, 313
3859, 2910
3860, 5798
3861, 2851
3862, 1319
3863, 6196
3864, 6196
3865, 313
3866, 1319
3867, 585
3868, 827
3869, 2073
3870, 1319
3871, 827
3872, 6261
3873, 6196
3874, 313
3875, 1319
3876, 1319
3877, 2838
3878, 5483
3879, 2910
3880, 2910
3881, 1319
3882, 5483
3883, 1319
3884, 2073
3885, 1319
3886, 827
3887, 2073
3888, 1319
3889, 313
3890, 827
3891, 2910
3892, 585
3893, 313
3894, 2851
3895, 313
3896, 313
3897, 1319
3898, 1319
3899, 2851
3900, 313
3901, 1319
3902, 1319
3903, 827
3904, 2073
3905, 827
3906, 6261
3907, 313
3908, 1319
3909, 2910
3910, 5798
3911, 827
3912, 5483
3913, 5798
3914, 6261
3915, 2910
3916, 2910
3917, 827
3918, 313
3919, 6196
3920, 2910
3921, 6196
3922, 2073
3923, 2838
3924, 1319
3925, 5798
3926, 6196
3927, 1319
3928, 313
3929, 6196
3930, 827
3931, 313
3932, 2073
3933, 5483
3934, 6196
3935, 2073
3936, 6261
3937, 2851
3938, 5798
3939, 827
3940, 2073
3941, 2073
3942, 313
3943, 5798
3944, 2910
3945, 2851
3946, 6261
3947, 313
3948, 585
3949, 6261
3950, 6261
3951, 5798
3952, 313
3953, 2073
3954, 2851
3955, 5483
3956, 313
3957, 2838
3958, 6261
3959, 827
3960, 6261
3961, 6196
3962, 2838
3963, 827
3964, 6261
3965, 5798
3966, 827
3967, 827
3968, 1319
3969, 2838
3970, 1319
3971, 313
3972, 1319
3973, 827
3974, 2838
3975, 6261
3976, 6196
3977, 2838
3978, 1319
3979, 313
3980, 6261
3981, 2073
3982, 313
3983, 2073
3984, 6261
3985, 2838
3986, 1319
3987, 2838
3988, 6196
3989, 5483
3990, 6261
3991, 313
3992, 6261
3993, 5798
3994, 5483
3995, 1319
3996, 2073
3997, 313
3998, 5798
3999, 585
4000, 2910
4001, 2838
4002, 2073
4003, 5798
4004, 1319
4005, 585
4006, 313
4007, 5798
4008, 2073
4009, 2073
4010, 827
4011, 2910
4012, 313
4013, 2851
4014, 2851
4015, 313
4016, 1319
4017, 2073
4018, 1319
4019, 1319
4020, 1319
4021, 2838
4022, 2838
4023, 2838
4024, 313
4025, 2851
4026, 313
4027, 5798
4028, 1319
4029, 5483
4030, 6261
4031, 1319
4032, 6261
4033, 827
4034, 1319
4035, 2073
4036, 313
4037, 2910
4038, 1319
4039, 5483
4040, 313
4041, 2851
4042, 5798
4043, 6261
4044, 827
4045, 2910
4046, 313
4047, 5798
4048, 1319
4049, 1319
4050, 827
4051, 5798
4052, 827
4053, 313
4054, 2073
4055, 2910
4056, 2073
4057, 313
4058, 313
4059, 1319
4060, 313
4061, 313
4062, 2838
4063, 2838
4064, 585
4065, 6261
4066, 1319
4067, 6261
4068, 1319
4069, 1319
4070, 1319
4071, 6196
4072, 827
4073, 2838
4074, 2073
4075, 313
4076, 6261
4077, 585
4078, 585
4079, 6261
4080, 6261
4081, 6261
4082, 313
4083, 827
4084, 5483
4085, 2851
4086, 313
4087, 2838
4088, 5483
4089, 6261
4090, 5483
4091, 5483
4092, 6261
4093, 1319
4094, 5798
4095, 313
4096, 1319
4097, 313
4098, 6261
4099, 1319
4100, 827
4101, 6196
4102, 5483
4103, 5798
4104, 2851
4105, 1319
4106, 5483
4107, 6261
4108, 2851
4109, 6261
4110, 6261
4111, 2838
4112, 1319
4113, 1319
4114, 2910
4115, 2910
4116, 827
4117, 1319
4118, 1319
4119, 2073
4120, 2838
4121, 1319
4122, 6261
4123, 1319
4124, 1319
4125, 1319
4126, 2851
4127, 5798
4128, 6196
4129, 313
4130, 2851
4131, 6196
4132, 2851
4133, 2073
4134, 1319
4135, 6196
4136, 1319
4137, 313
4138, 1319
4139, 313
4140, 1319
4141, 1319
4142, 2838
4143, 5483
4144, 2838
4145, 1319
4146, 313
4147, 2073
4148, 2073
4149, 827
4150, 6196
4151, 5483
4152, 1319
4153, 6196
4154, 6196
4155, 2838
4156, 827
4157, 5798
4158, 6261
4159, 6196
4160, 6261
4161, 585
4162, 2838
4163, 1319
4164, 2838
4165, 5798
4166, 6261
4167, 313
4168, 1319
4169, 2073
4170, 2851
4171, 1319
4172, 1319
4173, 313
4174, 2910
4175, 6196
4176, 6196
4177, 313
4178, 1319
4179, 5483
4180, 313
4181, 2838
4182, 5798
4183, 6196
4184, 1319
4185, 585
4186, 5798
4187, 2073
4188, 1319
4189, 2910
4190, 313
4191, 313
4192, 5798
4193, 2851
4194, 6261
4195, 6196
4196, 2910
4197, 1319
4198, 6196
4199, 2838
4200, 2838
4201, 5798
4202, 5798
4203, 827
4204, 827
4205, 1319
4206, 6261
4207, 6196
4208, 5798
4209, 1319
4210, 5798
4211, 1319
4212, 585
4213, 1319
4214, 5798
4215, 5798
4216, 5483
4217, 6196
4218, 2851
4219, 2910
4220, 2851
4221, 6196
4222, 1319
4223, 5798
4224, 1319
4225, 2838
4226, 827
4227, 2851
4228, 1319
4229, 5798
4230, 313
4231, 1319
4232, 1319
4233, 1319
4234, 2838
4235, 313
4236, 6196
4237, 5483
4238, 827
4239, 2073
4240, 313
4241, 6261
4242, 2851
4243, 6196
4244, 5798
4245, 2851
4246, 313
4247, 313
4248, 6261
4249, 6261
4250, 6261
4251, 1319
4252, 313
4253, 2910
4254, 1319
4255, 5798
4256, 2838
4257, 6261
4258, 6261
4259, 313
4260, 1319
4261, 2838
4262, 2073
4263, 2838
4264, 585
4265, 1319
4266, 313
4267, 1319
4268, 1319
4269, 585
4270, 6196
4271, 2838
4272, 2851
4273, 1319
4274, 1319
4275, 5798
4276, 2838
4277, 585
4278, 2910
4279, 2838
4280, 2838
4281, 1319
4282, 6261
4283, 827
4284, 2910
4285, 585
4286, 2910
4287, 827
4288, 2851
4289, 1319
4290, 313
4291, 313
4292, 1319
4293, 313
4294, 313
4295, 1319
4296, 1319
4297, 6261
4298, 5483
4299, 827
4300, 6261
4301, 2851
4302, 1319
4303, 313
4304, 827
4305, 6196
4306, 2838
4307, 313
4308, 6261
4309, 1319
4310, 2851
4311, 313
4312, 313
4313, 6196
4314, 5483
4315, 1319
4316, 585
4317, 313
4318, 5798
4319, 5483
4320, 585
4321, 313
4322, 2910
4323, 2910
4324, 6261
4325, 2838
4326, 5483
4327, 5798
4328, 1319
4329, 2851
4330, 2073
4331, 827
4332, 585
4333, 2910
4334, 585
4335, 1319
4336, 827
4337, 585
4338, 585
4339, 1319
4340, 6196
4341, 585
4342, 5798
4343, 1319
4344, 1319
4345, 827
4346, 827
4347, 827
4348, 585
4349, 6261
4350, 6261
4351, 6196
4352, 2838
4353, 6196
4354, 1319
4355, 2073
4356, 6261
4357, 2073
4358, 1319
4359, 313
4360, 313
4361, 1319
4362, 1319
4363, 2838
4364, 1319
4365, 2851
4366, 313
4367, 2073
4368, 313
4369, 585
4370, 2838
4371, 1319
4372, 2838
4373, 1319
4374, 5798
4375, 6196
4376, 2851
4377, 313
4378, 827
4379, 2838
4380, 2073
4381, 313
4382, 585
4383, 6196
4384, 585
4385, 313
4386, 5798
4387, 2910
4388, 6261
4389, 1319
4390, 5798
4391, 6261
4392, 2851
4393, 6196
4394, 2073
4395, 2851
4396, 1319
4397, 1319
4398, 2838
4399, 1319
4400, 1319
4401, 827
4402, 2838
4403, 2910
4404, 5798
4405, 827
4406, 2073
4407, 1319
4408, 313
4409, 6196
4410, 1319
4411, 2838
4412, 2910
4413, 5483
4414, 313
4415, 313
4416, 1319
4417, 2851
4418, 2910
4419, 5798
4420, 6261
4421, 2073
4422, 1319
4423, 6196
4424, 313
4425, 6196
4426, 2073
4427, 585
4428, 5798
4429, 2851
4430, 5483
4431, 6261
4432, 6196
4433, 5483
4434, 1319
4435, 6196
4436, 585
4437, 1319
4438, 5798
4439, 2851
4440, 2910
4441, 313
4442, 2910
4443, 313
4444, 1319
4445, 585
4446, 2838
4447, 2838
4448, 2838
4449, 1319
4450, 2838
4451, 2838
4452, 1319
4453, 1319
4454, 827
4455, 5798
4456, 5483
4457, 585
4458, 2838
4459, 827
4460, 6261
4461, 827
4462, 313
4463, 2838
4464, 585
4465, 5483
4466, 6196
4467, 313
4468, 2073
4469, 313
4470, 313
4471, 313
4472, 2073
4473, 6261
4474, 313
4475, 6196
4476, 5798
4477, 1319
4478, 2073
4479, 6196
4480, 1319
4481, 2910
4482, 5483
4483, 585
4484, 5798
4485, 313
4486, 2073
4487, 1319
4488, 1319
4489, 5798
4490, 1319
4491, 313
4492, 313
4493, 2838
4494, 585
4495, 5483
4496, 1319
4497, 6196
4498, 5798
4499, 5798
4500, 2838
4501, 5798
4502, 2910
4503, 585
4504, 1319
4505, 313
4506, 2838
4507, 2838
4508, 1319
4509, 1319
4510, 2851
4511, 5798
4512, 5483
4513, 6261
4514, 5798
4515, 2073
4516, 2910
4517, 6261
4518, 2910
4519, 6261
4520, 313
4521, 1319
4522, 827
4523, 2838
4524, 1319
4525, 2838
4526, 6261
4527, 1319
4528, 1319
4529, 1319
4530, 5798
4531, 6196
4532, 2851
4533, 2073
4534, 1319
4535, 6261
4536, 5483
4537, 2838
4538, 1319
4539, 2838
4540, 6261
4541, 6261
4542, 2838
4543, 2838
4544, 2073
4545, 827
4546, 2838
4547, 1319
4548, 585
4549, 6261
4550, 2838
4551, 5798
4552, 2838
4553, 827
4554, 2838
4555, 6261
4556, 585
4557, 6261
4558, 6196
4559, 2910
4560, 6261
4561, 1319
4562, 2073
4563, 2073
4564, 6261
4565, 2838
4566, 585
4567, 5798
4568, 827
4569, 1319
4570, 2851
4571, 6196
4572, 827
4573, 6261
4574, 2838
4575, 1319
4576, 5483
4577, 1319
4578, 2910
4579, 2838
4580, 313
4581, 2073
4582, 1319
4583, 2838
4584, 313
4585, 2838
4586, 313
4587, 2838
4588, 585
4589, 2073
4590, 2910
4591, 5483
4592, 6261
4593, 2910
4594, 2910
4595, 1319
4596, 6261
4597, 6261
4598, 2910
4599, 1319
4600, 6196
4601, 2838
4602, 2910
4603, 2073
4604, 313
4605, 2073
4606, 2073
4607, 1319
4608, 1319
4609, 6196
4610, 6261
4611, 5798
4612, 1319
4613, 2073
4614, 2073
4615, 1319
4616, 2073
4617, 1319
4618, 1319
4619, 6261
4620, 5798
4621, 6261
4622, 2838
4623, 585
4624, 6261
4625, 1319
4626, 5798
4627, 2910
4628, 313
4629, 6196
4630, 2910
4631, 6261
4632, 2851
4633, 2838
4634, 6261
4635, 6261
4636, 6261
4637, 1319
4638, 313
4639, 2073
4640, 1319
4641, 2910
4642, 6196
4643, 2073
4644, 5798
4645, 1319
4646, 1319
4647, 1319
4648, 827
4649, 2851
4650, 6261
4651, 827
4652, 5483
4653, 6261
4654, 1319
4655, 313
4656, 2838
4657, 5483
4658, 5483
4659, 6261
4660, 2851
4661, 2073
4662, 2838
4663, 2910
4664, 2073
4665, 585
4666, 6261
4667, 2910
4668, 1319
4669, 2910
4670, 313
4671, 2073
4672, 2851
4673, 6196
4674, 1319
4675, 1319
4676, 6261
4677, 313
4678, 585
4679, 2838
4680, 1319
4681, 313
4682, 313
4683, 2073
4684, 1319
4685, 1319
4686, 1319
4687, 6196
4688, 5798
4689, 2073
4690, 2838
4691, 585
4692, 313
4693, 313
4694, 5798
4695, 1319
4696, 6196
4697, 5798
4698, 2838
4699, 2073
4700, 6261
4701, 313
4702, 585
4703, 827
4704, 1319
4705, 2073
4706, 1319
4707, 1319
4708, 313
4709, 2851
4710, 2851
4711, 5798
4712, 6261
4713, 827
4714, 585
4715, 2838
4716, 5798
4717, 6261
4718, 2910
4719, 313
4720, 2073
4721, 313
4722, 5798
4723, 6196
4724, 2838
4725, 1319
4726, 1319
4727, 313
4728, 5798
4729, 5798
4730, 6261
4731, 5798
4732, 313
4733, 313
4734, 585
4735, 585
4736, 827
4737, 313
4738, 6261
4739, 1319
4740, 5483
4741, 6261
4742, 1319
4743, 1319
4744, 2838
4745, 2910
4746, 2838
4747, 2838
4748, 1319
4749, 1319
4750, 1319
4751, 1319
4752, 5483
4753, 313
4754, 1319
4755, 6261
4756, 827
4757, 2073
4758, 6261
4759, 2073
4760, 313
4761, 2838
4762, 313
4763, 5483
4764, 827
4765, 6261
4766, 313
4767, 2910
4768, 313
4769, 585
4770, 2910
4771, 313
4772, 313
4773, 827
4774, 827
4775, 585
4776, 6196
4777, 1319
4778, 5483
4779, 827
4780, 5483
4781, 5483
4782, 2851
4783, 2910
4784, 827
4785, 1319
4786, 6196
4787, 6196
4788, 2838
4789, 2838
4790, 585
4791, 2838
4792, 2073
4793, 585
4794, 6196
4795, 313
4796, 6261
4797, 1319
4798, 1319
4799, 2851
4800, 6261
4801, 827
4802, 827
4803, 1319
4804, 1319
4805, 5483
4806, 2910
4807, 585
4808, 6196
4809, 1319
4810, 5483
4811, 827
4812, 6261
4813, 6261
4814, 2838
4815, 2838
4816, 2838
4817, 6261
4818, 6261
4819, 1319
4820, 1319
4821, 1319
4822, 1319
4823, 2838
4824, 5798
4825, 6196
4826, 6196
4827, 2910
4828, 6196
4829, 1319
4830, 2838
4831, 827
4832, 827
4833, 313
4834, 827
4835, 313
4836, 1319
4837, 313
4838, 1319
4839, 6196
4840, 1319
4841, 2073
4842, 1319
4843, 1319
4844, 5798
4845, 2838
4846, 2838
4847, 2838
4848, 313
4849, 585
4850, 2910
4851, 2838
4852, 585
4853, 2073
4854, 5798
4855, 2838
4856, 313
4857, 6196
4858, 313
4859, 6196
4860, 2838
4861, 2838
4862, 2838
4863, 5798
4864, 5483
4865, 6196
4866, 1319
4867, 5798
4868, 1319
4869, 2073
4870, 1319
4871, 827
4872, 6196
4873, 585
4874, 2073
4875, 827
4876, 2910
4877, 5798
4878, 5798
4879, 1319
4880, 2073
4881, 313
4882, 827
4883, 6261
4884, 827
4885, 2851
4886, 313
4887, 2838
4888, 1319
4889, 1319
4890, 1319
4891, 1319
4892, 6261
4893, 1319
4894, 827
4895, 1319
4896, 6196
4897, 1319
4898, 1319
4899, 6261
4900, 2838
4901, 313
4902, 313
4903, 2838
4904, 6196
4905, 5483
4906, 585
4907, 2073
4908, 2838
4909, 1319
4910, 313
4911, 2073
4912, 2073
4913, 2910
4914, 5483
4915, 1319
4916, 827
4917, 1319
4918, 827
4919, 313
4920, 2910
4921, 313
4922, 2838
4923, 313
4924, 1319
4925, 6261
4926, 5798
4927, 6261
4928, 2073
4929, 1319
4930, 6261
4931, 2838
4932, 6261
4933, 6196
4934, 2838
4935, 1319
4936, 1319
4937, 585
4938, 1319
4939, 1319
4940, 2073
4941, 6261
4942, 2910
4943, 6261
4944, 2838
4945, 313
4946, 585
4947, 2073
4948, 5483
4949, 1319
4950, 585
4951, 5798
4952, 1319
4953, 313
4954, 313
4955, 2851
4956, 6261
4957, 5798
4958, 827
4959, 827
4960, 2838
4961, 313
4962, 1319
4963, 2838
4964, 2838
4965, 1319
4966, 313
4967, 827
4968, 2838
4969, 1319
4970, 6261
4971, 1319
4972, 1319
4973, 2910
4974, 2851
4975, 1319
4976, 2838
4977, 2838
4978, 827
4979, 585
4980, 585
4981, 2073
4982, 313
4983, 1319
4984, 6261
4985, 2073
4986, 827
4987, 6261
4988, 1319
4989, 6196
4990, 313
4991, 2851
4992, 2851
4993, 2838
4994, 2851
4995, 6196
4996, 6261
4997, 827
4998, 827
4999, 585
5000, 2838
5001, 2838
5002, 1319
5003, 2851
5004, 2910
5005, 313
5006, 6261
5007, 6196
5008, 827
5009, 6261
5010, 2910
5011, 6196
5012, 1319
5013, 827
5014, 2838
5015, 5483
5016, 2073
5017, 5483
5018, 6196
5019, 6196
5020, 2073
5021, 2910
5022, 2851
5023, 6261
5024, 2910
5025, 2838
5026, 1319
5027, 313
5028, 2838
5029, 1319
5030, 2073
5031, 6261
5032, 5798
5033, 313
5034, 827
5035, 2073
5036, 2838
5037, 827
5038, 2073
5039, 1319
5040, 585
5041, 585
5042, 1319
5043, 1319
5044, 2073
5045, 827
5046, 6261
5047, 2073
5048, 5798
5049, 585
5050, 2910
5051, 2073
5052, 2838
5053, 585
5054, 313
5055, 1319
5056, 2838
5057, 2910
5058, 585
5059, 5798
5060, 6261
5061, 1319
5062, 6261
5063, 2838
5064, 5483
5065, 6196
5066, 1319
5067, 1319
5068, 1319
5069, 6261
5070, 2851
5071, 585
5072, 313
5073, 313
5074, 2838
5075, 313
5076, 6261
5077, 1319
5078, 1319
5079, 6261
5080, 6196
5081, 6196
5082, 6261
5083, 6261
5084, 2838
5085, 5798
5086, 2073
5087, 2073
5088, 6261
5089, 2851
5090, 827
5091, 2073
5092, 6261
5093, 5798
5094, 6261
5095, 6261
5096, 2851
5097, 1319
5098, 2910
5099, 585
5100, 1319
5101, 1319
5102, 585
5103, 6261
5104, 6261
5105, 585
5106, 2838
5107, 2073
5108, 585
5109, 6196
5110, 2073
5111, 1319
5112, 313
5113, 5483
5114, 585
5115, 6261
5116, 6261
5117, 6196
5118, 5483
5119, 1319
5120, 5798
5121, 827
5122, 6196
5123, 2838
5124, 1319
5125, 6196
5126, 6261
5127, 1319
5128, 1319
5129, 2838
5130, 2851
5131, 1319
5132, 2838
5133, 1319
5134, 5798
5135, 2838
5136, 6196
5137, 313
5138, 5798
5139, 6196
5140, 827
5141, 5798
5142, 2910
5143, 2910
5144, 6261
5145, 313
5146, 313
5147, 313
5148, 5798
5149, 2073
5150, 1319
5151, 2073
5152, 6261
5153, 6261
5154, 1319
5155, 1319
5156, 6261
5157, 2838
5158, 2838
5159, 827
5160, 313
5161, 313
5162, 2073
5163, 2073
5164, 1319
5165, 1319
5166, 6196
5167, 2073
5168, 6196
5169, 6196
5170, 2073
5171, 1319
5172, 5798
5173, 6196
5174, 313
5175, 2838
5176, 2073
5177, 6261
5178, 827
5179, 2073
5180, 6261
5181, 585
5182, 6261
5183, 2838
5184, 585
5185, 2073
5186, 1319
5187, 6261
5188, 5798
5189, 6261
5190, 5798
5191, 5798
5192, 1319
5193, 2910
5194, 5483
5195, 2851
5196, 313
5197, 2910
5198, 2910
5199, 313
5200, 2910
5201, 5798
5202, 2838
5203, 313
5204, 827
5205, 2838
5206, 827
5207, 2838
5208, 2073
5209, 827
5210, 1319
5211, 5483
5212, 2073
5213, 585
5214, 2910
5215, 6261
5216, 6196
5217, 5798
5218, 6196
5219, 1319
5220, 827
5221, 5798
5222, 827
5223, 585
5224, 6196
5225, 6261
5226, 5798
5227, 313
5228, 2838
5229, 585
5230, 1319
5231, 2073
5232, 1319
5233, 1319
5234, 1319
5235, 1319
5236, 1319
5237, 1319
5238, 6261
5239, 6261
5240, 2073
5241, 6261
5242, 2838
5243, 313
5244, 1319
5245, 6261
5246, 2838
5247, 1319
5248, 6196
5249, 2851
5250, 2838
5251, 6196
5252, 1319
5253, 5798
5254, 2851
5255, 313
5256, 1319
5257, 313
5258, 6261
5259, 5798
5260, 313
5261, 2851
5262, 6261
5263, 2073
5264, 1319
5265, 6261
5266, 2073
5267, 1319
5268, 2851
5269, 5798
5270, 2073
5271, 2851
5272, 2838
5273, 827
5274, 313
5275, 5798
5276, 2073
5277, 1319
5278, 2838
5279, 827
5280, 1319
5281, 2838
5282, 827
5283, 313
5284, 2851
5285, 2838
5286, 6261
5287, 2838
5288, 1319
5289, 1319
5290, 2838
5291, 827
5292, 827
5293, 1319
5294, 1319
5295, 2910
5296, 827
5297, 827
5298, 1319
5299, 827
5300, 313
5301, 6261
5302, 6261
5303, 1319
5304, 2838
5305, 2073
5306, 6196
5307, 2073
5308, 2838
5309, 2910
5310, 313
5311, 313
5312, 5798
5313, 2073
5314, 313
5315, 827
5316, 2851
5317, 5798
5318, 827
5319, 2073
5320, 6196
5321, 313
5322, 313
5323, 1319
5324, 2838
5325, 2073
5326, 585
5327, 6261
5328, 6261
5329, 2073
5330, 6196
5331, 5798
5332, 2073
5333, 313
5334, 2910
5335, 1319
5336, 6261
5337, 1319
5338, 5483
5339, 6261
5340, 827
5341, 2910
5342, 1319
5343, 2910
5344, 1319
5345, 1319
5346, 6196
5347, 585
5348, 1319
5349, 1319
5350, 1319
5351, 1319
5352, 1319
5353, 1319
5354, 6261
5355, 1319
5356, 1319
5357, 2910
5358, 2910
5359, 1319
5360, 5483
5361, 6261
5362, 6261
5363, 2838
5364, 585
5365, 313
5366, 6261
5367, 1319
5368, 313
5369, 6261
5370, 5483
5371, 313
5372, 1319
5373, 5798
5374, 827
5375, 6261
5376, 6261
5377, 313
5378, 6261
5379, 2838
5380, 313
5381, 6196
5382, 585
5383, 6261
5384, 2073
5385, 6196
5386, 313
5387, 585
5388, 5798
5389, 2838
5390, 5798
5391, 2838
5392, 827
5393, 2851
5394, 313
5395, 6261
5396, 6196
5397, 313
5398, 2073
5399, 2073
5400, 2851
5401, 827
5402, 2851
5403, 2851
5404, 2851
5405, 827
5406, 1319
5407, 313
5408, 6261
5409, 2910
5410, 827
5411, 6196
5412, 2838
5413, 2838
5414, 827
5415, 1319
5416, 6196
5417, 827
5418, 2838
5419, 2851
5420, 2838
5421, 2838
5422, 5483
5423, 6196
5424, 1319
5425, 585
5426, 6196
5427, 6261
5428, 2073
5429, 1319
5430, 313
5431, 2073
5432, 2073
5433, 1319
5434, 313
5435, 2073
5436, 6196
5437, 2838
5438, 1319
5439, 2910
5440, 5798
5441, 5798
5442, 2910
5443, 2073
5444, 1319
5445, 2910
5446, 6261
5447, 2838
5448, 1319
5449, 313
5450, 1319
5451, 827
5452, 6261
5453, 1319
5454, 6261
5455, 1319
5456, 2851
5457, 313
5458, 1319
5459, 1319
5460, 5798
5461, 6261
5462, 5798
5463, 1319
5464, 1319
5465, 2910
5466, 5798
5467, 827
5468, 2838
5469, 313
5470, 313
5471, 6196
5472, 827
5473, 2838
5474, 313
5475, 6196
5476, 313
5477, 2851
5478, 313
5479, 585
5480, 2851
5481, 6261
5482, 5798
5483, 5483
5484, 313
5485, 6196
5486, 1319
5487, 5798
5488, 313
5489, 1319
5490, 1319
5491, 2838
5492, 1319
5493, 585
5494, 6261
5495, 1319
5496, 6196
5497, 2073
5498, 313
5499, 1319
5500, 1319
5501, 313
5502, 1319
5503, 585
5504, 6261
5505, 1319
5506, 2851
5507, 2073
5508, 2838
5509, 827
5510, 6196
5511, 1319
5512, 1319
5513, 6261
5514, 2838
5515, 6261
5516, 1319
5517, 6196
5518, 1319
5519, 2073
5520, 313
5521, 1319
5522, 313
5523, 313
5524, 2851
5525, 6261
5526, 313
5527, 1319
5528, 313
5529, 1319
5530, 2838
5531, 1319
5532, 6196
5533, 5483
5534, 6261
5535, 2838
5536, 1319
5537, 2838
5538, 5483
5539, 1319
5540, 1319
5541, 2073
5542, 2838
5543, 6196
5544, 5483
5545, 5798
5546, 2073
5547, 5483
5548, 6261
5549, 1319
5550, 313
5551, 313
5552, 2838
5553, 6196
5554, 2073
5555, 2073
5556, 2910
5557, 2073
5558, 2910
5559, 2073
5560, 2910
5561, 1319
5562, 6196
5563, 2851
5564, 2910
5565, 6261
5566, 6261
5567, 827
5568, 313
5569, 6261
5570, 2851
5571, 2838
5572, 2073
5573, 6196
5574, 2910
5575, 2838
5576, 2851
5577, 827
5578, 313
5579, 2838
5580, 6196
5581, 6196
5582, 2073
5583, 1319
5584, 2838
5585, 6196
5586, 2838
5587, 585
5588, 2838
5589, 6196
5590, 1319
5591, 2838
5592, 2838
5593, 1319
5594, 2910
5595, 1319
5596, 6261
5597, 6261
5598, 2910
5599, 5483
5600, 1319
5601, 2838
5602, 1319
5603, 2073
5604, 585
5605, 1319
5606, 2838
5607, 2073
5608, 6261
5609, 1319
5610, 2910
5611, 6261
5612, 2073
5613, 6196
5614, 313
5615, 1319
5616, 2073
5617, 313
5618, 6196
5619, 6196
5620, 2851
5621, 585
5622, 313
5623, 2910
5624, 313
5625, 5798
5626, 6261
5627, 313
5628, 827
5629, 6196
5630, 2073
5631, 5483
5632, 6196
5633, 313
5634, 2910
5635, 2073
5636, 313
5637, 313
5638, 2851
5639, 2851
5640, 5798
5641, 1319
5642, 6261
5643, 2073
5644, 2851
5645, 2910
5646, 1319
5647, 5798
5648, 6261
5649, 5798
5650, 313
5651, 1319
5652, 313
5653, 5483
5654, 5798
5655, 6196
5656, 6261
5657, 5798
5658, 1319
5659, 5798
5660, 2073
5661, 2910
5662, 827
5663, 827
5664, 2851
5665, 5798
5666, 1319
5667, 827
5668, 5798
5669, 6261
5670, 1319
5671, 1319
5672, 827
5673, 313
5674, 1319
5675, 585
5676, 585
5677, 1319
5678, 585
5679, 1319
5680, 2838
5681, 2910
5682, 2851
5683, 1319
5684, 2910
5685, 6261
5686, 827
5687, 5798
5688, 6261
5689, 6196
5690, 6261
5691, 2838
5692, 1319
5693, 1319
5694, 313
5695, 585
5696, 313
5697, 2073
5698, 6196
5699, 1319
5700, 313
5701, 1319
5702, 1319
5703, 5798
5704, 313
5705, 6261
5706, 2073
5707, 5483
5708, 827
5709, 1319
5710, 5798
5711, 2073
5712, 1319
5713, 313
5714, 1319
5715, 313
5716, 1319
5717, 5483
5718, 5483
5719, 6261
5720, 1319
5721, 1319
5722, 2910
5723, 2910
5724, 6261
5725, 6261
5726, 6261
5727, 2838
5728, 6261
5729, 5483
5730, 827
5731, 1319
5732, 2838
5733, 2851
5734, 5483
5735, 585
5736, 5798
5737, 827
5738, 5483
5739, 1319
5740, 1319
5741, 313
5742, 2073
5743, 6196
5744, 5798
5745, 827
5746, 313
5747, 1319
5748, 6196
5749, 2851
5750, 1319
5751, 313
5752, 5798
5753, 6196
5754, 1319
5755, 6261
5756, 1319
5757, 313
5758, 2073
5759, 1319
5760, 2838
5761, 313
5762, 2838
5763, 827
5764, 2851
5765, 6196
5766, 6261
5767, 2910
5768, 2073
5769, 2838
5770, 5798
5771, 585
5772, 2851
5773, 2851
5774, 1319
5775, 6261
5776, 2073
5777, 313
5778, 2838
5779, 6196
5780, 6261
5781, 2851
5782, 2910
5783, 1319
5784, 6196
5785, 5798
5786, 1319
5787, 827
5788, 6196
5789, 2838
5790, 2838
5791, 6196
5792, 1319
5793, 1319
5794, 2838
5795, 1319
5796, 313
5797, 2851
5798, 1319
5799, 2073
5800, 5798
5801, 585
5802, 6261
5803, 585
5804, 827
5805, 2073
5806, 2073
5807, 2851
5808, 1319
5809, 6196
5810, 313
5811, 2073
5812, 585
5813, 6261
5814, 2073
5815, 2838
5816, 313
5817, 2910
5818, 2851
5819, 2838
5820, 6196
5821, 6261
5822, 313
5823, 2073
5824, 1319
5825, 5798
5826, 313
5827, 1319
5828, 5798
5829, 2073
5830, 5798
5831, 313
5832, 5798
5833, 1319
5834, 313
5835, 827
5836, 1319
5837, 2073
5838, 313
5839, 6261
5840, 585
5841, 2838
5842, 6261
5843, 2910
5844, 5798
5845, 2838
5846, 6261
5847, 5798
5848, 6261
5849, 6261
5850, 2838
5851, 6196
5852, 6196
5853, 6261
5854, 313
5855, 1319
5856, 6261
5857, 1319
5858, 6196
5859, 5483
5860, 2073
5861, 2851
5862, 6196
5863, 1319
5864, 827
5865, 585
5866, 2838
5867, 313
5868, 2073
5869, 6196
5870, 2073
5871, 5798
5872, 2838
5873, 5798
5874, 6261
5875, 6261
5876, 827
5877, 827
5878, 2910
5879, 827
5880, 827
5881, 827
5882, 5798
5883, 2910
5884, 1319
5885, 2073
5886, 827
5887, 827
5888, 313
5889, 2851
5890, 313
5891, 2838
5892, 313
5893, 1319
5894, 6196
5895, 1319
5896, 313
5897, 2073
5898, 2851
5899, 313
5900, 1319
5901, 1319
5902, 827
5903, 313
5904, 1319
5905, 2910
5906, 2073
5907, 2910
5908, 2910
5909, 5798
5910, 313
5911, 2073
5912, 827
5913, 1319
5914, 2073
5915, 2910
5916, 2851
5917, 1319
5918, 2073
5919, 5483
5920, 2073
5921, 2910
5922, 6261
5923, 2910
5924, 313
5925, 2851
5926, 827
5927, 2073
5928, 6196
5929, 2073
5930, 313
5931, 313
5932, 827
5933, 5798
5934, 313
5935, 5483
5936, 827
5937, 6196
5938, 827
5939, 1319
5940, 1319
5941, 2838
5942, 2910
5943, 6196
5944, 2910
5945, 2851
5946, 5483
5947, 827
5948, 5483
5949, 313
5950, 2073
5951, 313
5952, 6196
5953, 2910
5954, 827
5955, 5798
5956, 2851
5957, 6261
5958, 1319
5959, 827
5960, 313
5961, 6196
5962, 1319
5963, 313
5964, 2851
5965, 2073
5966, 1319
5967, 6261
5968, 2838
5969, 5798
5970, 1319
5971, 1319
5972, 6261
5973, 2910
5974, 585
5975, 313
5976, 1319
5977, 1319
5978, 6261
5979, 1319
5980, 6196
5981, 827
5982, 2073
5983, 6261
5984, 827
5985, 2851
5986, 5483
5987, 6261
5988, 2073
5989, 6261
5990, 1319
5991, 313
5992, 2073
5993, 2910
5994, 1319
5995, 827
5996, 313
5997, 2910
5998, 2838
5999, 313
6000, 5798
6001, 2910
6002, 585
6003, 2851
6004, 827
6005, 313
6006, 2838
6007, 2851
6008, 6196
6009, 2838
6010, 827
6011, 6196
6012, 6261
6013, 585
6014, 1319
6015, 313
6016, 6261
6017, 1319
6018, 827
6019, 6261
6020, 5798
6021, 5798
6022, 1319
6023, 5483
6024, 313
6025, 6196
6026, 2838
6027, 5798
6028, 2910
6029, 5798
6030, 6261
6031, 6261
6032, 313
6033, 2073
6034, 1319
6035, 2838
6036, 2838
6037, 827
6038, 6261
6039, 827
6040, 6196
6041, 2073
6042, 1319
6043, 5483
6044, 1319
6045, 2851
6046, 1319
6047, 6196
6048, 2838
6049, 2851
6050, 313
6051, 6196
6052, 1319
6053, 313
6054, 2073
6055, 6196
6056, 1319
6057, 2910
6058, 1319
6059, 2838
6060, 5483
6061, 313
6062, 827
6063, 6261
6064, 5798
6065, 1319
6066, 1319
6067, 5798
6068, 6261
6069, 6261
6070, 5798
6071, 2838
6072, 6261
6073, 1319
6074, 2910
6075, 827
6076, 313
6077, 6196
6078, 6261
6079, 1319
6080, 6196
6081, 1319
6082, 6261
6083, 2838
6084, 6196
6085, 827
6086, 827
6087, 2073
6088, 1319
6089, 6196
6090, 2838
6091, 1319
6092, 5798
6093, 6261
6094, 2073
6095, 1319
6096, 1319
6097, 313
6098, 5798
6099, 827
6100, 2910
6101, 313
6102, 313
6103, 6261
6104, 313
6105, 6261
6106, 2910
6107, 6261
6108, 6261
6109, 313
6110, 1319
6111, 827
6112, 313
6113, 5798
6114, 2073
6115, 1319
6116, 827
6117, 313
6118, 6196
6119, 2851
6120, 1319
6121, 2838
6122, 827
6123, 1319
6124, 827
6125, 2838
6126, 2838
6127, 2838
6128, 2851
6129, 6196
6130, 1319
6131, 2073
6132, 585
6133, 2073
6134, 2910
6135, 1319
6136, 313
6137, 2851
6138, 2838
6139, 1319
6140, 6261
6141, 6261
6142, 1319
6143, 2910
6144, 6196
6145, 2073
6146, 6261
6147, 1319
6148, 1319
6149, 1319
6150, 313
6151, 6261
6152, 1319
6153, 2910
6154, 2073
6155, 313
6156, 2073
6157, 6261
6158, 313
6159, 2851
6160, 2073
6161, 5798
6162, 2851
6163, 1319
6164, 1319
6165, 1319
6166, 585
6167, 5798
6168, 2073
6169, 2851
6170, 6196
6171, 2910
6172, 2910
6173, 6196
6174, 2838
6175, 2910
6176, 2838
6177, 6196
6178, 2851
6179, 2851
6180, 1319
6181, 2838
6182, 6196
6183, 2073
6184, 313
6185, 313
6186, 313
6187, 585
6188, 2851
6189, 585
6190, 5798
6191, 585
6192, 1319
6193, 585
6194, 6261
6195, 2851
6196, 6196
6197, 313
6198, 2910
6199, 2851
6200, 2838
6201, 2910
6202, 6261
6203, 2838
6204, 6196
6205, 1319
6206, 6196
6207, 2838
6208, 6196
6209, 6261
6210, 2910
6211, 1319
6212, 2851
6213, 6261
6214, 1319
6215, 827
6216, 2851
6217, 827
6218, 2838
6219, 1319
6220, 1319
6221, 1319
6222, 2073
6223, 827
6224, 2851
6225, 2838
6226, 6261
6227, 1319
6228, 2851
6229, 6261
6230, 827
6231, 313
6232, 6196
6233, 6196
6234, 2838
6235, 2838
6236, 2073
6237, 1319
6238, 2073
6239, 585
6240, 1319
6241, 827
6242, 6261
6243, 827
6244, 313
6245, 827
6246, 6196
6247, 2838
6248, 1319
6249, 6261
6250, 5483
6251, 313
6252, 585
6253, 6261
6254, 2073
6255, 2851
6256, 313
6257, 5483
6258, 313
6259, 5798
6260, 313
6261, 1319
6262, 5483
6263, 6261
6264, 2851
6265, 2851
6266, 1319
6267, 2851
6268, 1319
6269, 313
6270, 1319
6271, 5798
6272, 2910
6273, 1319
6274, 2073
6275, 2073
6276, 6261
6277, 6261
6278, 2073
6279, 2073
6280, 1319
6281, 5798
6282, 2910
6283, 2073
6284, 2851
6285, 6196
6286, 2851
6287, 6196
6288, 5798
6289, 585
6290, 1319
6291, 2851
6292, 6261
6293, 2851
6294, 1319
6295, 2910
6296, 6261
6297, 2851
6298, 1319
6299, 1319
6300, 5483
6301, 6261
6302, 2073
6303, 6196
6304, 6261
6305, 1319
6306, 313
6307, 313
6308, 2910
6309, 313
6310, 2838
6311, 6196
6312, 313
6313, 2073
6314, 6196
6315, 5798
6316, 2851
6317, 5483
6318, 2838
6319, 827
6320, 6261
6321, 6261
6322, 6261
6323, 2838
6324, 5798
6325, 1319
6326, 2838
6327, 6196
6328, 2851
6329, 6261
6330, 6261
6331, 6261
6332, 2838
6333, 1319
6334, 2073
6335, 2073
6336, 2851
6337, 827
6338, 2073
6339, 1319
6340, 6196
6341, 5798
6342, 2910
6343, 2910
6344, 827
6345, 1319
6346, 2073
6347, 6196
6348, 2073
6349, 2073
6350, 2838
6351, 6261
6352, 2851
6353, 5798
6354, 2838
6355, 6261
6356, 2838
6357, 2073
6358, 2073
6359, 1319
6360, 313
6361, 313
6362, 6261
6363, 2073
6364, 2838
6365, 827
6366, 1319
6367, 1319
6368, 5798
6369, 585
6370, 2838
6371, 6261
6372, 2073
6373, 5798
6374, 1319
6375, 1319
6376, 6261
6377, 2851
6378, 827
6379, 6261
6380, 313
6381, 5798
6382, 2073
6383, 1319
6384, 6261
6385, 1319
6386, 5798
6387, 6196
6388, 6196
6389, 2073
6390, 1319
6391, 2838
6392, 6196
6393, 5483
6394, 1319
6395, 1319
6396, 1319
6397, 6261
6398, 1319
6399, 2838
6400, 6261
6401, 2838
6402, 6261
6403, 5798
6404, 2838
6405, 2910
6406, 2838
6407, 6196
6408, 6261
6409, 6261
6410, 827
6411, 2073
6412, 6196
6413, 1319
6414, 827
6415, 313
6416, 313
6417, 2851
6418, 6261
6419, 1319
6420, 1319
6421, 6261
6422, 1319
6423, 2073
6424, 827
6425, 2838
6426, 2073
6427, 1319
6428, 2838
6429, 6196
6430, 2851
6431, 2851
6432, 827
6433, 6261
6434, 313
6435, 2851
6436, 1319
6437, 5798
6438, 1319
6439, 827
6440, 313
6441, 1319
6442, 6196
6443, 2851
6444, 6196
6445, 2838
6446, 2910
6447, 313
6448, 2073
6449, 1319
6450, 2073
6451, 313
6452, 1319
6453, 6261
6454, 313
6455, 2838
6456, 2851
6457, 827
6458, 6261
6459, 2073
6460, 6196
6461, 6261
6462, 313
6463, 6261
6464, 2073
6465, 2073
6466, 2838
6467, 2838
6468, 6196
6469, 2910
6470, 313
6471, 2073
6472, 2851
6473, 313
6474, 2073
6475, 2910
6476, 2073
6477, 2838
6478, 313
6479, 6261
6480, 585
6481, 6261
6482, 313
6483, 1319
6484, 313
6485, 2851
6486, 827
6487, 5798
6488, 1319
6489, 2851
6490, 6196
6491, 313
6492, 2838
6493, 2073
6494, 313
6495, 313
6496, 6196
6497, 2838
6498, 6261
6499, 6261
6500, 585
6501, 6261
6502, 1319
6503, 2851
6504, 2838
6505, 2073
6506, 2073
6507, 827
6508, 5483
6509, 2073
6510, 313
6511, 5798
6512, 827
6513, 2838
6514, 6261
6515, 827
6516, 6196
6517, 827
6518, 1319
6519, 5798
6520, 2851
6521, 1319
6522, 5798
6523, 1319
6524, 6261
6525, 827
6526, 827
6527, 2073
6528, 5798
6529, 5483
6530, 313
6531, 2838
6532, 585
6533, 313
6534, 1319
6535, 1319
6536, 585
6537, 585
6538, 1319
6539, 1319
6540, 5483
6541, 2838
6542, 313
6543, 6196
6544, 6196
6545, 2910
6546, 585
6547, 585
6548, 313
6549, 6261
6550, 2838
6551, 2851
6552, 2910
6553, 2073
6554, 313
6555, 827
6556, 6261
6557, 585
6558, 2910
6559, 827
6560, 827
6561, 2910
6562, 2073
6563, 6261
6564, 313
6565, 2910
6566, 313
6567, 2838
6568, 313
6569, 2073
6570, 2073
6571, 1319
6572, 2838
6573, 6261
6574, 1319
6575, 1319
6576, 1319
6577, 1319
6578, 6261
6579, 2073
6580, 6261
6581, 827
6582, 2838
6583, 2851
6584, 585
6585, 5798
6586, 827
6587, 827
6588, 2073
6589, 6196
6590, 313
6591, 1319
6592, 1319
6593, 5483
6594, 2073
6595, 5483
6596, 5798
6597, 313
6598, 313
6599, 313
6600, 5798
6601, 827
6602, 2851
6603, 5798
6604, 1319
6605, 313
6606, 1319
6607, 2851
6608, 313
6609, 5798
6610, 313
6611, 6261
6612, 313
6613, 1319
6614, 313
6615, 313
6616, 1319
6617, 313
6618, 6261
6619, 313
6620, 1319
6621, 2073
6622, 6261
6623, 1319
6624, 585
6625, 2073
6626, 6196
6627, 2910
6628, 5798
6629, 2838
6630, 2851
6631, 1319
6632, 6196
6633, 1319
6634, 6196
6635, 6261
6636, 2910
6637, 827
6638, 2851
6639, 5798
6640, 1319
6641, 585
6642, 2073
6643, 5798
6644, 6261
6645, 5483
6646, 1319
6647, 2851
6648, 313
6649, 313
6650, 313
6651, 5798
6652, 2851
6653, 2073
6654, 5798
6655, 2838
6656, 6261
6657, 2910
6658, 1319
6659, 2838
6660, 2838
6661, 5483
6662, 2838
6663, 5798
6664, 1319
6665, 313
6666, 313
6667, 2073
6668, 313
6669, 1319
6670, 585
6671, 1319
6672, 6261
6673, 1319
6674, 1319
6675, 2838
6676, 6261
6677, 2838
6678, 827
6679, 827
6680, 2073
6681, 2838
6682, 5483
6683, 2851
6684, 827
6685, 1319
6686, 1319
6687, 585
6688, 5798
6689, 313
6690, 1319
6691, 2073
6692, 1319
6693, 1319
6694, 827
6695, 1319
6696, 6261
6697, 1319
6698, 827
6699, 6196
6700, 2851
6701, 585
6702, 827
6703, 313
6704, 313
6705, 5483
6706, 5798
6707, 6196
6708, 1319
6709, 5798
6710, 2851
6711, 313
6712, 2910
6713, 6261
6714, 585
6715, 6261
6716, 2073
6717, 2851
6718, 2073
6719, 2073
6720, 6261
6721, 2851
6722, 6261
6723, 2910
6724, 313
6725, 6196
6726, 6261
6727, 1319
6728, 6196
6729, 6261
6730, 2851
6731, 313
6732, 313
6733, 6261
6734, 1319
6735, 2838
6736, 5798
6737, 2073
6738, 1319
6739, 827
6740, 2838
6741, 2838
6742, 2073
6743, 585
6744, 6261
6745, 6261
6746, 5798
6747, 1319
6748, 2073
6749, 1319
6750, 2838
6751, 2851
6752, 2910
6753, 585
6754, 1319
6755, 585
6756, 6196
6757, 827
6758, 2910
6759, 6261
6760, 313
6761, 2851
6762, 827
6763, 6196
6764, 2838
6765, 1319
6766, 2073
6767, 6261
6768, 2851
6769, 2073
6770, 313
6771, 6261
6772, 313
6773, 313
6774, 313
6775, 827
6776, 827
6777, 827
6778, 5483
6779, 313
6780, 6261
6781, 5798
6782, 2851
6783, 2073
6784, 6261
6785, 1319
6786, 585
6787, 313
6788, 5798
6789, 313
6790, 1319
6791, 5483
6792, 2073
6793, 585
6794, 2073
6795, 313
6796, 5798
6797, 585
6798, 1319
6799, 313
6800, 6196
6801, 6261
6802, 2073
6803, 2073
6804, 827
6805, 585
6806, 6261
6807, 6196
6808, 1319
6809, 2910
6810, 313
6811, 6261
6812, 2838
6813, 827
6814, 6196
6815, 5798
6816, 585
6817, 1319
6818, 1319
6819, 1319
6820, 2838
6821, 2838
6822, 2910
6823, 1319
6824, 6261
6825, 6261
6826, 6261
6827, 1319
6828, 5798
6829, 2073
6830, 2073
6831, 2838
6832, 6261
6833, 827
6834, 5798
6835, 5483
6836, 6261
6837, 2838
6838, 5483
6839, 6196
6840, 2851
6841, 585
6842, 313
6843, 6261
6844, 5798
6845, 5798
6846, 1319
6847, 6261
6848, 5798
6849, 6261
6850, 6261
6851, 827
6852, 827
6853, 5798
6854, 2838
6855, 827
6856, 585
6857, 5483
6858, 6196
6859, 2851
6860, 6261
6861, 2851
6862, 2073
6863, 2838
6864, 827
6865, 6196
6866, 827
6867, 5483
6868, 313
6869, 5798
6870, 6261
6871, 5798
6872, 585
6873, 2851
6874, 2910
6875, 313
6876, 6196
6877, 6261
6878, 6196
6879, 2073
6880, 2910
6881, 1319
6882, 2073
6883, 2073
6884, 6261
6885, 2851
6886, 2851
6887, 2910
6888, 585
6889, 2851
6890, 5798
6891, 827
6892, 313
6893, 2910
6894, 5798
6895, 5798
6896, 6196
6897, 1319
6898, 2073
6899, 2838
6900, 1319
6901, 827
6902, 585
6903, 2851
6904, 1319
6905, 6196
6906, 313
6907, 1319
6908, 313
6909, 6196
6910, 827
6911, 6261
6912, 2073
6913, 827
6914, 1319
6915, 1319
6916, 2073
6917, 2838
6918, 2073
6919, 1319
6920, 6196
6921, 6196
6922, 313
6923, 1319
6924, 5798
6925, 1319
6926, 2910
6927, 1319
6928, 2073
6929, 2073
6930, 6196
6931, 2910
6932, 2851
6933, 1319
6934, 585
6935, 5798
6936, 827
6937, 2851
6938, 6196
6939, 6261
6940, 5798
6941, 6261
6942, 2851
6943, 1319
6944, 585
6945, 2838
6946, 827
6947, 2073
6948, 6261
6949, 1319
6950, 6261
6951, 1319
6952, 6196
6953, 2838
6954, 313
6955, 2851
6956, 2073
6957, 2838
6958, 5483
6959, 2910
6960, 1319
6961, 313
6962, 6261
6963, 5798
6964, 6261
6965, 2073
6966, 2073
6967, 5798
6968, 2073
6969, 313
6970, 5798
6971, 6261
6972, 2838
6973, 313
6974, 2910
6975, 2910
6976, 5798
6977, 2073
6978, 6196
6979, 1319
6980, 2910
6981, 827
6982, 2073
6983, 2851
6984, 2910
6985, 6196
6986, 6196
6987, 1319
6988, 5483
6989, 2073
6990, 6261
6991, 1319
6992, 2910
6993, 5483
6994, 313
6995, 313
6996, 2838
6997, 6261
6998, 5798
6999, 2910
7000, 2073
7001, 2838
7002, 6261
7003, 2910
7004, 2073
7005, 313
7006, 2838
7007, 2910
7008, 827
7009, 2838
7010, 313
7011, 313
7012, 6261
7013, 6196
7014, 2073
7015, 1319
7016, 1319
7017, 313
7018, 2073
7019, 585
7020, 827
7021, 313
7022, 313
7023, 2910
7024, 585
7025, 313
7026, 827
7027, 5798
7028, 313
7029, 1319
7030, 1319
7031, 5483
7032, 2838
7033, 827
7034, 6261
7035, 585
7036, 2838
7037, 5798
7038, 1319
7039, 1319
7040, 6261
7041, 585
7042, 2838
7043, 6261
7044, 6261
7045, 2910
7046, 1319
7047, 2073
7048, 827
